01:00,nuclear,核二#1,985.0,851.3,86.426%,燃料限制
01:00,nuclear,核二#2,985.0,970.6,98.538%,
01:00,nuclear,核三#1,951.0,947.2,99.600%,
01:00,nuclear,核三#2,951.0,943.8,99.243%,
01:00,nuclear,小計,3872.0(7.793%),3712.9(13.138%),,
01:00,coal,林口#1,800.0,754.4,94.300%,
01:00,coal,林口#2,800.0,758.2,94.775%,
01:00,coal,林口#3,800.0,747.6,93.450%,
01:00,coal,台中#1,550.0,504.8,91.782%,運轉限制
01:00,coal,台中#2,550.0,524.4,95.345%,
01:00,coal,台中#3,550.0,521.4,94.800%,運轉限制
01:00,coal,台中#4,550.0,513.7,93.400%,
01:00,coal,台中#5,550.0,531.4,96.618%,
01:00,coal,台中#6,550.0,0.0,0.000%,環保停機檢修
01:00,coal,台中#7,550.0,521.4,94.800%,
01:00,coal,台中#8,550.0,529.8,96.327%,
01:00,coal,台中#9,550.0,119.5,21.727%,測試運轉
01:00,coal,台中#10,550.0,522.0,94.909%,
01:00,coal,興達#1(註12),500.0,471.4,94.280%,運轉限制
01:00,coal,興達#2(註12),500.0,475.2,95.040%,
01:00,coal,興達#3(註12),550.0,520.6,94.655%,
01:00,coal,興達#4(註12),550.0,520.2,94.582%,
01:00,coal,大林#1,800.0,755.5,94.438%,
01:00,coal,大林#2,800.0,761.8,95.225%,
01:00,coal,小計,11600.0(23.347%),10053.3(35.574%),,
01:00,cogen,汽電共生,618.0,1193.5,-,
01:00,cogen,小計,618.0(1.244%),1193.5(4.223%),,
01:00,ippcoal,和平#1,648.6,567.5,87.503%,
01:00,ippcoal,和平#2,648.6,567.3,87.472%,
01:00,ippcoal,麥寮#1,600.0,571.8,95.300%,
01:00,ippcoal,麥寮#2,600.0,567.5,94.583%,
01:00,ippcoal,麥寮#3,600.0,419.8,69.967%,運轉限制
01:00,ippcoal,小計,3097.1(6.234%),2693.9(9.533%),,
01:00,lng,大潭CC#1,742.7,674.7,90.844%,
01:00,lng,大潭CC#2,742.7,620.2,83.506%,
01:00,lng,大潭CC#3,724.7,641.4,88.506%,
01:00,lng,大潭CC#4,724.7,681.1,93.984%,
01:00,lng,大潭CC#5,724.7,667.2,92.066%,
01:00,lng,大潭CC#6,724.7,0.0,0.000%,歲修
01:00,lng,大潭CC#7,600.0,0.0,0.000%,部分檢修
01:00,lng,通霄CC#1,892.6,883.7,99.003%,
01:00,lng,通霄CC#2,892.6,873.7,97.883%,
01:00,lng,通霄CC#3,892.6,874.5,97.972%,
01:00,lng,通霄CC#4,386.0,334.5,86.658%,
01:00,lng,通霄CC#5,386.0,318.8,82.591%,
01:00,lng,通霄CC#6,321.2,349.5,108.811%,
01:00,lng,興達CC#1,445.2,405.6,91.107%,
01:00,lng,興達CC#2,445.2,0.0,0.000%,歲修
01:00,lng,興達CC#3,445.2,397.6,89.310%,
01:00,lng,興達CC#4,445.2,392.8,88.232%,
01:00,lng,興達CC#5,445.2,399.1,89.647%,
01:00,lng,南部CC#1,288.8,295.7,102.389%,
01:00,lng,南部CC#2,288.8,277.8,96.191%,
01:00,lng,南部CC#3,288.8,260.0,90.028%,
01:00,lng,南部CC#4,251.4,0.0,0.000%,檢修
01:00,lng,大林#5,500.0,144.2,28.840%,運轉限制
01:00,lng,大林#6,550.0,0.0,0.000%,歲修
01:00,lng,小計,13149.0(26.465%),9492.1(33.589%),,
01:00,ipplng,海湖#1,450.0,0.0,0.000%,合約限制
01:00,ipplng,海湖#2,450.0,453.1,100.689%,
01:00,ipplng,新桃#1,600.0,0.0,0.000%,檢修
01:00,ipplng,國光#1,480.0,0.0,0.000%,
01:00,ipplng,星彰#1,506.9,0.0,0.000%,合約限制
01:00,ipplng,星元#1,490.0,0.0,0.000%,部分故障
01:00,ipplng,嘉惠#1,670.0,0.0,0.000%,檢修
01:00,ipplng,嘉惠#2(註10),-,0.0,0.000%,
01:00,ipplng,豐德#1,506.9,0.0,0.000%,合約限制
01:00,ipplng,豐德#2,506.9,0.0,0.000%,合約限制
01:00,ipplng,小計,4660.6(9.380%),453.1(1.603%),,
01:00,oil,協和#3,500.0,133.5,26.700%,環保限制
01:00,oil,協和#4,500.0,0.0,0.000%,歲修
01:00,oil,小計,1000.0(2.013%),133.5(0.472%),,
01:00,diesel,核二Gas1,-,0.0,0.000%,
01:00,diesel,核二Gas2,-,0.0,0.000%,
01:00,diesel,核三Gas1,-,0.0,0.000%,
01:00,diesel,核三Gas2,-,0.0,0.000%,
01:00,diesel,台中Gas1&amp;2,140.0,0.0,0.000%,
01:00,diesel,台中Gas3&amp;4,140.0,0.0,0.000%,
01:00,diesel,澎湖尖山(註4),129.8,64.0,49.307%,
01:00,diesel,金門塔山(註4),113.3,38.2,33.718%,
01:00,diesel,馬祖珠山(註4),28.6,6.0,20.950%,
01:00,diesel,離島其他(註4),42.7,N/A,N/A,
01:00,diesel,小計(註5),594.4(1.196%),108.2(0.383%),,
01:00,hydro,德基#1,78.0,0.0,0.000%,
01:00,hydro,德基#2,78.0,0.0,0.000%,
01:00,hydro,德基#3,78.0,0.0,0.000%,
01:00,hydro,青山#1,92.0,0.0,0.000%,
01:00,hydro,青山#2,92.0,5.7,6.196%,
01:00,hydro,青山#3,92.0,0.0,0.000%,
01:00,hydro,青山#4,92.0,6.1,6.630%,
01:00,hydro,谷關#1,54.4,14.8,27.181%,
01:00,hydro,谷關#2,54.4,0.0,0.000%,
01:00,hydro,谷關#3,54.4,0.0,0.000%,歲修
01:00,hydro,谷關#4,54.4,0.0,0.000%,
01:00,hydro,天輪#1,22.5,19.3,85.778%,
01:00,hydro,天輪#2,22.5,0.0,0.000%,
01:00,hydro,天輪#3,22.5,0.0,0.000%,歲修
01:00,hydro,天輪#4,22.5,0.0,0.000%,
01:00,hydro,天輪#5,105.0,0.0,0.000%,
01:00,hydro,馬鞍#1,66.7,5.9,8.840%,
01:00,hydro,馬鞍#2,66.7,0.0,0.000%,
01:00,hydro,卓蘭#1,40.0,0.0,0.000%,
01:00,hydro,卓蘭#2,40.0,0.0,0.000%,
01:00,hydro,萬大#1,10.4,0.0,0.000%,
01:00,hydro,萬大#2,10.4,0.0,0.000%,
01:00,hydro,萬大#3,15.3,3.4,22.222%,
01:00,hydro,萬大#4,19.7,0.0,0.000%,
01:00,hydro,松林#1&amp;2,20.9,0.0,0.000%,
01:00,hydro,大觀一#1,22.0,7.0,31.818%,
01:00,hydro,大觀一#2,22.0,7.5,34.091%,
01:00,hydro,大觀一#3,22.0,7.9,35.909%,
01:00,hydro,大觀一#4,22.0,7.7,35.000%,
01:00,hydro,大觀一#5,22.0,0.0,0.000%,檢修
01:00,hydro,鉅工#1,21.8,0.0,0.000%,歲修
01:00,hydro,鉅工#2,21.8,9.7,44.598%,
01:00,hydro,水里#1,12.8,0.0,0.002%,
01:00,hydro,立霧#1&amp;#2,32.0,7.0,21.875%,
01:00,hydro,龍澗#1,48.6,0.0,0.000%,
01:00,hydro,龍澗#2,48.6,10.6,21.811%,
01:00,hydro,碧海,61.2,5.2,8.497%,
01:00,hydro,烏來&amp;桂山&amp;粗坑,40.5,6.4,15.802%,
01:00,hydro,北部小水力(註6),26.6,N/A,N/A,
01:00,hydro,中部小水力(註6),9.8,N/A,N/A,
01:00,hydro,南部小水力(註6),7.2,N/A,N/A,
01:00,hydro,東部小水力(註6),54.6,16.0,29.304%,
01:00,hydro,翡翠#1,70.0,0.0,0.000%,
01:00,hydro,石門#1,45.0,0.0,0.000%,
01:00,hydro,石門#2,45.0,25.1,55.778%,
01:00,hydro,曾文#1,50.0,0.0,0.000%,
01:00,hydro,義興#1,40.0,0.0,0.000%,
01:00,hydro,名間,16.7,0.0,0.000%,
01:00,hydro,嘉南西口、烏山頭和八田,22.5,0.0,0.000%,
01:00,hydro,后里示範,0.1,N/A,N/A,
01:00,hydro,卑南,2.0,0.6,30.303%,
01:00,hydro,捷祥關山,1.0,0.0,0.000%,
01:00,hydro,小計,2092.5(4.212%),171.9(0.608%),,
01:00,wind,石門,4.0,0.0,0.000%,
01:00,wind,林口,6.0,0.0,0.000%,
01:00,wind,蘆竹,7.2,0.0,0.000%,檢修
01:00,wind,大潭,15.1,0.0,0.000%,
01:00,wind,觀園,30.0,0.0,0.000%,
01:00,wind,香山,12.0,0.0,0.000%,
01:00,wind,台中,6.0,0.0,0.000%,
01:00,wind,台中港,36.0,0.5,1.389%,
01:00,wind,王功,23.0,0.4,1.739%,
01:00,wind,彰工,71.2,2.6,3.652%,
01:00,wind,永興,9.2,0.1,1.087%,
01:00,wind,離岸一期(註10),-,0.0,0.000%,
01:00,wind,雲麥,46.0,0.0,0.000%,
01:00,wind,四湖,28.0,0.0,0.000%,
01:00,wind,恆春,4.5,0.1,2.222%,
01:00,wind,澎湖中屯,4.8,0.2,4.771%,
01:00,wind,金門金沙,4.0,0.0,0.000%,通訊中斷
01:00,wind,澎湖湖西,5.4,0.1,0.926%,
01:00,wind,苗栗竹南,7.8,0.1,1.282%,
01:00,wind,苗栗大鵬,42.0,0.4,0.952%,
01:00,wind,鹿威彰濱,55.2,1.4,2.536%,
01:00,wind,鹿威鹿港,41.4,0.8,1.932%,
01:00,wind,觀威觀音&amp;桃威新屋,48.3,0.2,0.414%,
01:00,wind,中威大安,75.9,2.0,2.635%,
01:00,wind,崎威崎頂,6.9,0.0,0.000%,
01:00,wind,豐威,11.5,0.0,0.000%,
01:00,wind,龍威後龍,44.1,0.3,0.680%,
01:00,wind,苗栗通苑,39.1,0.2,0.512%,
01:00,wind,安威,11.5,0.1,0.870%,
01:00,wind,清風清水,2.3,0.0,0.000%,
01:00,wind,東鋼龍港,11.5,0.0,0.000%,
01:00,wind,海洋竹南,128.0,0.6,0.469%,
01:00,wind,禾風麥寮,2.3,0.0,0.000%,
01:00,wind,小計,840.2(1.691%),10.1(0.036%),,
01:00,solar,金門金沙,0.5,0.000,0.000%,
01:00,solar,台中生水池,2.1,0.000,0.000%,
01:00,solar,興達生水池,1.6,0.000,0.000%,
01:00,solar,嘉義民雄,0.1,0.000,0.000%,
01:00,solar,中部儲運,0.1,0.000,0.000%,
01:00,solar,東勢新伯公,0.1,0.000,0.000%,
01:00,solar,永安鹽灘地,4.6,0.000,0.000%,
01:00,solar,路北,0.1,0.000,0.000%,
01:00,solar,中原大學,0.0,0.000,0.000%,
01:00,solar,大潭生水池,0.6,0.000,0.000%,
01:00,solar,核三生水池,1.5,0.000,0.000%,
01:00,solar,七美,0.4,0.000,0.000%,
01:00,solar,尖山,0.1,0.000,0.000%,
01:00,solar,卓蘭,0.0,0.000,0.000%,
01:00,solar,后里,0.1,0.000,0.000%,
01:00,solar,台中龍井,6.5,0.000,0.000%,
01:00,solar,七股,1.8,0.000,0.000%,資料維修中
01:00,solar,龍潭E/S,0.2,0.000,0.000%,
01:00,solar,竹工E/S,0.2,0.000,0.000%,
01:00,solar,中科E/S,0.2,0.000,0.000%,
01:00,solar,彰林E/S,0.3,0.000,0.000%,
01:00,solar,高雄E/S,0.4,0.000,0.000%,資料維修中
01:00,solar,燕巢倉庫,0.5,0.000,0.000%,
01:00,solar,大潭,0.7,0.000,0.000%,
01:00,solar,北儲,0.9,0.000,0.000%,
01:00,solar,彰濱光,100.0,0.000,0.000%,
01:00,solar,南鹽光(註10),-,0.000,0.000%,
01:00,solar,崙尾光(註10),-,0.000,0.000%,
01:00,solar,太陽能購電(註7),5435.2,0.000,0.000%,
01:00,solar,小計,5558.8(11.188%),0.0(0.000%),,
01:00,pumpinggen,大觀二#1,250.0,0.0,0.000%,
01:00,pumpinggen,大觀二#2,250.0,0.0,0.000%,
01:00,pumpinggen,大觀二#3,250.0,0.0,0.000%,
01:00,pumpinggen,大觀二#4,250.0,0.0,0.000%,
01:00,pumpinggen,明潭#1,267.0,0.0,0.000%,
01:00,pumpinggen,明潭#2,267.0,237.8,89.064%,
01:00,pumpinggen,明潭#3,267.0,238.8,89.438%,
01:00,pumpinggen,明潭#4,267.0,0.0,0.000%,
01:00,pumpinggen,明潭#5,267.0,0.0,0.000%,
01:00,pumpinggen,明潭#6,267.0,0.0,0.000%,
01:00,pumpinggen,小計,2602.0(5.237%),476.6(1.686%),,
01:00,pumpingload,大觀二#1,-,0.0,-,
01:00,pumpingload,大觀二#2,-,-239.4,-,
01:00,pumpingload,大觀二#3,-,0.0,-,
01:00,pumpingload,大觀二#4,-,0.0,-,
01:00,pumpingload,明潭#1,-,0.0,-,
01:00,pumpingload,明潭#2,-,0.0,-,
01:00,pumpingload,明潭#3,-,0.0,-,
01:00,pumpingload,明潭#4,-,0.0,-,
01:00,pumpingload,明潭#5,-,0.0,-,
01:00,pumpingload,明潭#6,-,0.0,-,
01:00,geothermal,小型地熱能,0.3,0.2,66.667%,
01:00,geothermal,小計,0.3(0.001%),0.2(0.001%),,
01:10,nuclear,核二#1,985.0,849.9,86.284%,燃料限制
01:10,nuclear,核二#2,985.0,970.6,98.538%,
01:10,nuclear,核三#1,951.0,944.9,99.359%,
01:10,nuclear,核三#2,951.0,942.6,99.117%,
01:10,nuclear,小計,3872.0(7.793%),3708.0(13.240%),,
01:10,coal,林口#1,800.0,755.9,94.488%,
01:10,coal,林口#2,800.0,758.8,94.850%,
01:10,coal,林口#3,800.0,747.9,93.488%,
01:10,coal,台中#1,550.0,507.9,92.345%,運轉限制
01:10,coal,台中#2,550.0,523.6,95.200%,
01:10,coal,台中#3,550.0,524.5,95.364%,運轉限制
01:10,coal,台中#4,550.0,511.5,93.000%,
01:10,coal,台中#5,550.0,533.7,97.036%,
01:10,coal,台中#6,550.0,0.0,0.000%,環保停機檢修
01:10,coal,台中#7,550.0,519.9,94.527%,
01:10,coal,台中#8,550.0,530.6,96.473%,
01:10,coal,台中#9,550.0,125.2,22.764%,測試運轉
01:10,coal,台中#10,550.0,525.9,95.618%,
01:10,coal,興達#1(註12),500.0,473.3,94.660%,運轉限制
01:10,coal,興達#2(註12),500.0,472.7,94.540%,
01:10,coal,興達#3(註12),550.0,516.8,93.964%,
01:10,coal,興達#4(註12),550.0,517.8,94.145%,
01:10,coal,大林#1,800.0,754.0,94.250%,
01:10,coal,大林#2,800.0,761.8,95.225%,
01:10,coal,小計,11600.0(23.347%),10061.8(35.928%),,
01:10,cogen,汽電共生,618.0,1176.9,-,
01:10,cogen,小計,618.0(1.244%),1176.9(4.202%),,
01:10,ippcoal,和平#1,648.6,567.4,87.487%,
01:10,ippcoal,和平#2,648.6,565.7,87.225%,
01:10,ippcoal,麥寮#1,600.0,569.2,94.867%,
01:10,ippcoal,麥寮#2,600.0,567.6,94.600%,
01:10,ippcoal,麥寮#3,600.0,413.6,68.933%,運轉限制
01:10,ippcoal,小計,3097.1(6.234%),2683.5(9.582%),,
01:10,lng,大潭CC#1,742.7,667.9,89.929%,
01:10,lng,大潭CC#2,742.7,656.5,88.394%,
01:10,lng,大潭CC#3,724.7,623.5,86.036%,
01:10,lng,大潭CC#4,724.7,681.3,94.011%,
01:10,lng,大潭CC#5,724.7,666.2,91.928%,
01:10,lng,大潭CC#6,724.7,0.0,0.000%,歲修
01:10,lng,大潭CC#7,600.0,0.0,0.000%,部分檢修
01:10,lng,通霄CC#1,892.6,880.6,98.656%,
01:10,lng,通霄CC#2,892.6,870.7,97.546%,
01:10,lng,通霄CC#3,892.6,875.4,98.073%,
01:10,lng,通霄CC#4,386.0,332.7,86.192%,
01:10,lng,通霄CC#5,386.0,316.2,81.917%,
01:10,lng,通霄CC#6,321.2,350.1,108.998%,
01:10,lng,興達CC#1,445.2,387.1,86.952%,
01:10,lng,興達CC#2,445.2,0.0,0.000%,歲修
01:10,lng,興達CC#3,445.2,388.0,87.154%,
01:10,lng,興達CC#4,445.2,390.6,87.738%,
01:10,lng,興達CC#5,445.2,388.3,87.221%,
01:10,lng,南部CC#1,288.8,296.0,102.493%,
01:10,lng,南部CC#2,288.8,277.3,96.018%,
01:10,lng,南部CC#3,288.8,260.0,90.028%,
01:10,lng,南部CC#4,251.4,0.0,0.000%,檢修
01:10,lng,大林#5,500.0,140.3,28.060%,運轉限制
01:10,lng,大林#6,550.0,0.0,0.000%,歲修
01:10,lng,小計,13149.0(26.465%),9448.7(33.739%),,
01:10,ipplng,海湖#1,450.0,0.0,0.000%,合約限制
01:10,ipplng,海湖#2,450.0,452.7,100.600%,
01:10,ipplng,新桃#1,600.0,0.0,0.000%,檢修
01:10,ipplng,國光#1,480.0,0.0,0.000%,
01:10,ipplng,星彰#1,506.9,0.0,0.000%,合約限制
01:10,ipplng,星元#1,490.0,0.0,0.000%,部分故障
01:10,ipplng,嘉惠#1,670.0,0.0,0.000%,檢修
01:10,ipplng,嘉惠#2(註10),-,0.0,0.000%,
01:10,ipplng,豐德#1,506.9,0.0,0.000%,合約限制
01:10,ipplng,豐德#2,506.9,0.0,0.000%,合約限制
01:10,ipplng,小計,4660.6(9.380%),452.7(1.616%),,
01:10,oil,協和#3,500.0,133.5,26.700%,環保限制
01:10,oil,協和#4,500.0,0.0,0.000%,歲修
01:10,oil,小計,1000.0(2.013%),133.5(0.477%),,
01:10,diesel,核二Gas1,-,0.0,0.000%,
01:10,diesel,核二Gas2,-,0.0,0.000%,
01:10,diesel,核三Gas1,-,0.0,0.000%,
01:10,diesel,核三Gas2,-,0.0,0.000%,
01:10,diesel,台中Gas1&amp;2,140.0,0.0,0.000%,
01:10,diesel,台中Gas3&amp;4,140.0,0.0,0.000%,
01:10,diesel,澎湖尖山(註4),129.8,63.0,48.536%,
01:10,diesel,金門塔山(註4),113.3,38.5,33.983%,
01:10,diesel,馬祖珠山(註4),28.6,5.9,20.601%,
01:10,diesel,離島其他(註4),42.7,N/A,N/A,
01:10,diesel,小計(註5),594.4(1.196%),107.4(0.383%),,
01:10,hydro,德基#1,78.0,0.0,0.000%,
01:10,hydro,德基#2,78.0,0.0,0.000%,
01:10,hydro,德基#3,78.0,0.0,0.000%,
01:10,hydro,青山#1,92.0,0.0,0.000%,
01:10,hydro,青山#2,92.0,5.7,6.196%,
01:10,hydro,青山#3,92.0,0.0,0.000%,
01:10,hydro,青山#4,92.0,5.7,6.196%,
01:10,hydro,谷關#1,54.4,15.0,27.548%,
01:10,hydro,谷關#2,54.4,0.0,0.000%,
01:10,hydro,谷關#3,54.4,0.0,0.000%,歲修
01:10,hydro,谷關#4,54.4,0.0,0.000%,
01:10,hydro,天輪#1,22.5,19.3,85.778%,
01:10,hydro,天輪#2,22.5,0.0,0.000%,
01:10,hydro,天輪#3,22.5,0.0,0.000%,歲修
01:10,hydro,天輪#4,22.5,0.0,0.000%,
01:10,hydro,天輪#5,105.0,0.0,0.000%,
01:10,hydro,馬鞍#1,66.7,5.7,8.541%,
01:10,hydro,馬鞍#2,66.7,0.0,0.000%,
01:10,hydro,卓蘭#1,40.0,0.0,0.000%,
01:10,hydro,卓蘭#2,40.0,0.0,0.000%,
01:10,hydro,萬大#1,10.4,0.0,0.000%,
01:10,hydro,萬大#2,10.4,0.0,0.000%,
01:10,hydro,萬大#3,15.3,3.5,22.876%,
01:10,hydro,萬大#4,19.7,0.0,0.000%,
01:10,hydro,松林#1&amp;2,20.9,0.0,0.000%,
01:10,hydro,大觀一#1,22.0,4.7,21.364%,
01:10,hydro,大觀一#2,22.0,4.2,19.091%,
01:10,hydro,大觀一#3,22.0,3.6,16.364%,
01:10,hydro,大觀一#4,22.0,4.9,22.273%,
01:10,hydro,大觀一#5,22.0,0.0,0.000%,檢修
01:10,hydro,鉅工#1,21.8,0.0,0.000%,歲修
01:10,hydro,鉅工#2,21.8,9.3,42.759%,
01:10,hydro,水里#1,12.8,0.0,0.002%,
01:10,hydro,立霧#1&amp;#2,32.0,7.0,21.875%,
01:10,hydro,龍澗#1,48.6,0.0,0.000%,
01:10,hydro,龍澗#2,48.6,10.5,21.605%,
01:10,hydro,碧海,61.2,5.2,8.497%,
01:10,hydro,烏來&amp;桂山&amp;粗坑,40.5,6.3,15.556%,
01:10,hydro,北部小水力(註6),26.6,N/A,N/A,
01:10,hydro,中部小水力(註6),9.8,N/A,N/A,
01:10,hydro,南部小水力(註6),7.2,N/A,N/A,
01:10,hydro,東部小水力(註6),54.6,16.0,29.304%,
01:10,hydro,翡翠#1,70.0,0.0,0.000%,
01:10,hydro,石門#1,45.0,0.0,0.000%,
01:10,hydro,石門#2,45.0,25.4,56.444%,
01:10,hydro,曾文#1,50.0,0.0,0.000%,
01:10,hydro,義興#1,40.0,0.0,0.000%,
01:10,hydro,名間,16.7,0.0,0.000%,
01:10,hydro,嘉南西口、烏山頭和八田,22.5,0.0,0.000%,
01:10,hydro,后里示範,0.1,N/A,N/A,
01:10,hydro,卑南,2.0,0.6,30.303%,
01:10,hydro,捷祥關山,1.0,0.0,0.000%,
01:10,hydro,小計,2092.5(4.212%),158.6(0.566%),,
01:10,wind,石門,4.0,0.0,0.000%,
01:10,wind,林口,6.0,0.0,0.000%,
01:10,wind,蘆竹,7.2,0.0,0.000%,檢修
01:10,wind,大潭,15.1,0.0,0.000%,
01:10,wind,觀園,30.0,0.0,0.000%,
01:10,wind,香山,12.0,0.0,0.000%,
01:10,wind,台中,6.0,0.0,0.000%,
01:10,wind,台中港,36.0,0.6,1.667%,
01:10,wind,王功,23.0,0.4,1.739%,
01:10,wind,彰工,71.2,1.9,2.669%,
01:10,wind,永興,9.2,0.0,0.000%,
01:10,wind,離岸一期(註10),-,0.0,0.000%,
01:10,wind,雲麥,46.0,0.0,0.000%,
01:10,wind,四湖,28.0,0.0,0.000%,
01:10,wind,恆春,4.5,0.1,2.222%,
01:10,wind,澎湖中屯,4.8,0.2,4.771%,
01:10,wind,金門金沙,4.0,0.0,0.000%,通訊中斷
01:10,wind,澎湖湖西,5.4,0.1,0.926%,
01:10,wind,苗栗竹南,7.8,0.0,0.000%,
01:10,wind,苗栗大鵬,42.0,0.4,0.952%,
01:10,wind,鹿威彰濱,55.2,0.8,1.449%,
01:10,wind,鹿威鹿港,41.4,0.6,1.449%,
01:10,wind,觀威觀音&amp;桃威新屋,48.3,0.2,0.414%,
01:10,wind,中威大安,75.9,2.2,2.899%,
01:10,wind,崎威崎頂,6.9,0.0,0.000%,
01:10,wind,豐威,11.5,0.0,0.000%,
01:10,wind,龍威後龍,44.1,0.3,0.680%,
01:10,wind,苗栗通苑,39.1,0.2,0.512%,
01:10,wind,安威,11.5,0.2,1.739%,
01:10,wind,清風清水,2.3,0.0,0.000%,
01:10,wind,東鋼龍港,11.5,0.0,0.000%,
01:10,wind,海洋竹南,128.0,0.0,0.000%,
01:10,wind,禾風麥寮,2.3,0.0,0.000%,
01:10,wind,小計,840.2(1.691%),8.2(0.029%),,
01:10,solar,金門金沙,0.5,0.000,0.000%,
01:10,solar,台中生水池,2.1,0.000,0.000%,
01:10,solar,興達生水池,1.6,0.000,0.000%,
01:10,solar,嘉義民雄,0.1,0.000,0.000%,
01:10,solar,中部儲運,0.1,0.000,0.000%,
01:10,solar,東勢新伯公,0.1,0.000,0.000%,
01:10,solar,永安鹽灘地,4.6,0.000,0.000%,
01:10,solar,路北,0.1,0.000,0.000%,
01:10,solar,中原大學,0.0,0.000,0.000%,
01:10,solar,大潭生水池,0.6,0.000,0.000%,
01:10,solar,核三生水池,1.5,0.000,0.000%,
01:10,solar,七美,0.4,0.000,0.000%,
01:10,solar,尖山,0.1,0.000,0.000%,
01:10,solar,卓蘭,0.0,0.000,0.000%,
01:10,solar,后里,0.1,0.000,0.000%,
01:10,solar,台中龍井,6.5,0.000,0.000%,
01:10,solar,七股,1.8,0.000,0.000%,資料維修中
01:10,solar,龍潭E/S,0.2,0.000,0.000%,
01:10,solar,竹工E/S,0.2,0.000,0.000%,
01:10,solar,中科E/S,0.2,0.000,0.000%,
01:10,solar,彰林E/S,0.3,0.000,0.000%,
01:10,solar,高雄E/S,0.4,0.000,0.000%,資料維修中
01:10,solar,燕巢倉庫,0.5,0.000,0.000%,
01:10,solar,大潭,0.7,0.000,0.000%,
01:10,solar,北儲,0.9,0.000,0.000%,
01:10,solar,彰濱光,100.0,0.000,0.000%,
01:10,solar,南鹽光(註10),-,0.000,0.000%,
01:10,solar,崙尾光(註10),-,0.000,0.000%,
01:10,solar,太陽能購電(註7),5435.2,0.000,0.000%,
01:10,solar,小計,5558.8(11.188%),0.0(0.000%),,
01:10,pumpinggen,大觀二#1,250.0,0.0,0.000%,
01:10,pumpinggen,大觀二#2,250.0,0.0,0.000%,
01:10,pumpinggen,大觀二#3,250.0,0.0,0.000%,
01:10,pumpinggen,大觀二#4,250.0,0.0,0.000%,
01:10,pumpinggen,明潭#1,267.0,0.0,0.000%,
01:10,pumpinggen,明潭#2,267.0,142.6,53.408%,
01:10,pumpinggen,明潭#3,267.0,178.9,67.004%,
01:10,pumpinggen,明潭#4,267.0,0.0,0.000%,
01:10,pumpinggen,明潭#5,267.0,0.0,0.000%,
01:10,pumpinggen,明潭#6,267.0,0.0,0.000%,
01:10,pumpinggen,小計,2602.0(5.237%),321.5(1.148%),,
01:10,pumpingload,大觀二#1,-,0.0,-,
01:10,pumpingload,大觀二#2,-,-255.6,-,
01:10,pumpingload,大觀二#3,-,0.0,-,
01:10,pumpingload,大觀二#4,-,0.0,-,
01:10,pumpingload,明潭#1,-,0.0,-,
01:10,pumpingload,明潭#2,-,0.0,-,
01:10,pumpingload,明潭#3,-,0.0,-,
01:10,pumpingload,明潭#4,-,0.0,-,
01:10,pumpingload,明潭#5,-,0.0,-,
01:10,pumpingload,明潭#6,-,0.0,-,
01:10,geothermal,小型地熱能,0.3,0.2,66.667%,
01:10,geothermal,小計,0.3(0.001%),0.2(0.001%),,
01:20,nuclear,核二#1,985.0,851.3,86.426%,燃料限制
01:20,nuclear,核二#2,985.0,969.2,98.396%,
01:20,nuclear,核三#1,951.0,944.9,99.359%,
01:20,nuclear,核三#2,951.0,943.8,99.243%,
01:20,nuclear,小計,3872.0(7.793%),3709.2(13.286%),,
01:20,coal,林口#1,800.0,757.8,94.725%,
01:20,coal,林口#2,800.0,760.1,95.012%,
01:20,coal,林口#3,800.0,748.1,93.512%,
01:20,coal,台中#1,550.0,500.0,90.909%,運轉限制
01:20,coal,台中#2,550.0,515.8,93.782%,
01:20,coal,台中#3,550.0,524.6,95.382%,運轉限制
01:20,coal,台中#4,550.0,514.5,93.545%,
01:20,coal,台中#5,550.0,530.6,96.473%,
01:20,coal,台中#6,550.0,0.0,0.000%,環保停機檢修
01:20,coal,台中#7,550.0,517.9,94.164%,
01:20,coal,台中#8,550.0,530.7,96.491%,
01:20,coal,台中#9,550.0,131.9,23.982%,測試運轉
01:20,coal,台中#10,550.0,525.6,95.564%,
01:20,coal,興達#1(註12),500.0,470.8,94.160%,運轉限制
01:20,coal,興達#2(註12),500.0,480.9,96.180%,
01:20,coal,興達#3(註12),550.0,522.1,94.927%,
01:20,coal,興達#4(註12),550.0,519.4,94.436%,
01:20,coal,大林#1,800.0,754.0,94.250%,
01:20,coal,大林#2,800.0,761.8,95.225%,
01:20,coal,小計,11600.0(23.347%),10066.6(36.057%),,
01:20,cogen,汽電共生,618.0,1185.8,-,
01:20,cogen,小計,618.0(1.244%),1185.8(4.247%),,
01:20,ippcoal,和平#1,648.6,569.5,87.811%,
01:20,ippcoal,和平#2,648.6,567.3,87.472%,
01:20,ippcoal,麥寮#1,600.0,568.5,94.750%,
01:20,ippcoal,麥寮#2,600.0,566.7,94.450%,
01:20,ippcoal,麥寮#3,600.0,417.1,69.517%,運轉限制
01:20,ippcoal,小計,3097.1(6.234%),2689.1(9.632%),,
01:20,lng,大潭CC#1,742.7,647.9,87.236%,
01:20,lng,大潭CC#2,742.7,611.0,82.267%,
01:20,lng,大潭CC#3,724.7,624.5,86.174%,
01:20,lng,大潭CC#4,724.7,681.7,94.067%,
01:20,lng,大潭CC#5,724.7,651.7,89.927%,
01:20,lng,大潭CC#6,724.7,0.0,0.000%,歲修
01:20,lng,大潭CC#7,600.0,0.0,0.000%,部分檢修
01:20,lng,通霄CC#1,892.6,883.7,99.003%,
01:20,lng,通霄CC#2,892.6,873.2,97.827%,
01:20,lng,通霄CC#3,892.6,875.0,98.028%,
01:20,lng,通霄CC#4,386.0,310.9,80.544%,
01:20,lng,通霄CC#5,386.0,318.8,82.591%,
01:20,lng,通霄CC#6,321.2,349.6,108.842%,
01:20,lng,興達CC#1,445.2,394.0,88.502%,
01:20,lng,興達CC#2,445.2,0.0,0.000%,歲修
01:20,lng,興達CC#3,445.2,395.4,88.816%,
01:20,lng,興達CC#4,445.2,391.6,87.962%,
01:20,lng,興達CC#5,445.2,402.6,90.433%,
01:20,lng,南部CC#1,288.8,295.7,102.389%,
01:20,lng,南部CC#2,288.8,277.0,95.914%,
01:20,lng,南部CC#3,288.8,259.6,89.889%,
01:20,lng,南部CC#4,251.4,0.0,0.000%,檢修
01:20,lng,大林#5,500.0,139.6,27.920%,運轉限制
01:20,lng,大林#6,550.0,0.0,0.000%,歲修
01:20,lng,小計,13149.0(26.465%),9383.5(33.611%),,
01:20,ipplng,海湖#1,450.0,0.0,0.000%,合約限制
01:20,ipplng,海湖#2,450.0,453.7,100.822%,
01:20,ipplng,新桃#1,600.0,0.0,0.000%,檢修
01:20,ipplng,國光#1,480.0,0.0,0.000%,
01:20,ipplng,星彰#1,506.9,0.0,0.000%,合約限制
01:20,ipplng,星元#1,490.0,0.0,0.000%,部分故障
01:20,ipplng,嘉惠#1,670.0,0.0,0.000%,檢修
01:20,ipplng,嘉惠#2(註10),-,0.0,0.000%,
01:20,ipplng,豐德#1,506.9,0.0,0.000%,合約限制
01:20,ipplng,豐德#2,506.9,0.0,0.000%,合約限制
01:20,ipplng,小計,4660.6(9.380%),453.7(1.625%),,
01:20,oil,協和#3,500.0,133.5,26.700%,環保限制
01:20,oil,協和#4,500.0,0.0,0.000%,歲修
01:20,oil,小計,1000.0(2.013%),133.5(0.478%),,
01:20,diesel,核二Gas1,-,0.0,0.000%,
01:20,diesel,核二Gas2,-,0.0,0.000%,
01:20,diesel,核三Gas1,-,0.0,0.000%,
01:20,diesel,核三Gas2,-,0.0,0.000%,
01:20,diesel,台中Gas1&amp;2,140.0,0.0,0.000%,
01:20,diesel,台中Gas3&amp;4,140.0,0.0,0.000%,
01:20,diesel,澎湖尖山(註4),129.8,62.7,48.305%,
01:20,diesel,金門塔山(註4),113.3,38.7,34.160%,
01:20,diesel,馬祖珠山(註4),28.6,5.9,20.601%,
01:20,diesel,離島其他(註4),42.7,N/A,N/A,
01:20,diesel,小計(註5),594.4(1.196%),107.3(0.384%),,
01:20,hydro,德基#1,78.0,0.0,0.000%,
01:20,hydro,德基#2,78.0,0.0,0.000%,
01:20,hydro,德基#3,78.0,0.0,0.000%,
01:20,hydro,青山#1,92.0,0.0,0.000%,
01:20,hydro,青山#2,92.0,5.7,6.196%,
01:20,hydro,青山#3,92.0,0.0,0.000%,
01:20,hydro,青山#4,92.0,5.4,5.870%,
01:20,hydro,谷關#1,54.4,13.8,25.344%,
01:20,hydro,谷關#2,54.4,0.0,0.000%,
01:20,hydro,谷關#3,54.4,0.0,0.000%,歲修
01:20,hydro,谷關#4,54.4,0.0,0.000%,
01:20,hydro,天輪#1,22.5,19.3,85.778%,
01:20,hydro,天輪#2,22.5,0.0,0.000%,
01:20,hydro,天輪#3,22.5,0.0,0.000%,歲修
01:20,hydro,天輪#4,22.5,0.0,0.000%,
01:20,hydro,天輪#5,105.0,0.0,0.000%,
01:20,hydro,馬鞍#1,66.7,5.0,7.492%,
01:20,hydro,馬鞍#2,66.7,0.0,0.000%,
01:20,hydro,卓蘭#1,40.0,0.0,0.000%,
01:20,hydro,卓蘭#2,40.0,0.0,0.000%,
01:20,hydro,萬大#1,10.4,0.0,0.000%,
01:20,hydro,萬大#2,10.4,0.0,0.000%,
01:20,hydro,萬大#3,15.3,3.4,22.222%,
01:20,hydro,萬大#4,19.7,0.0,0.000%,
01:20,hydro,松林#1&amp;2,20.9,0.0,0.000%,
01:20,hydro,大觀一#1,22.0,0.0,0.000%,
01:20,hydro,大觀一#2,22.0,0.0,0.000%,
01:20,hydro,大觀一#3,22.0,0.0,0.000%,
01:20,hydro,大觀一#4,22.0,0.0,0.000%,
01:20,hydro,大觀一#5,22.0,0.0,0.000%,檢修
01:20,hydro,鉅工#1,21.8,0.0,0.000%,歲修
01:20,hydro,鉅工#2,21.8,9.5,43.678%,
01:20,hydro,水里#1,12.8,0.0,0.002%,
01:20,hydro,立霧#1&amp;#2,32.0,7.0,21.875%,
01:20,hydro,龍澗#1,48.6,0.0,0.000%,
01:20,hydro,龍澗#2,48.6,10.5,21.605%,
01:20,hydro,碧海,61.2,4.4,7.190%,
01:20,hydro,烏來&amp;桂山&amp;粗坑,40.5,6.6,16.296%,
01:20,hydro,北部小水力(註6),26.6,N/A,N/A,
01:20,hydro,中部小水力(註6),9.8,N/A,N/A,
01:20,hydro,南部小水力(註6),7.2,N/A,N/A,
01:20,hydro,東部小水力(註6),54.6,16.0,29.304%,
01:20,hydro,翡翠#1,70.0,0.0,0.000%,
01:20,hydro,石門#1,45.0,0.0,0.000%,
01:20,hydro,石門#2,45.0,24.8,55.111%,
01:20,hydro,曾文#1,50.0,0.0,0.000%,
01:20,hydro,義興#1,40.0,0.0,0.000%,
01:20,hydro,名間,16.7,0.0,0.000%,
01:20,hydro,嘉南西口、烏山頭和八田,22.5,0.0,0.000%,
01:20,hydro,后里示範,0.1,N/A,N/A,
01:20,hydro,卑南,2.0,0.6,30.303%,
01:20,hydro,捷祥關山,1.0,0.0,0.000%,
01:20,hydro,小計,2092.5(4.212%),138.0(0.494%),,
01:20,wind,石門,4.0,0.0,0.000%,
01:20,wind,林口,6.0,0.0,0.000%,
01:20,wind,蘆竹,7.2,0.0,0.000%,檢修
01:20,wind,大潭,15.1,0.0,0.000%,
01:20,wind,觀園,30.0,0.0,0.000%,
01:20,wind,香山,12.0,0.0,0.000%,
01:20,wind,台中,6.0,0.0,0.000%,
01:20,wind,台中港,36.0,0.7,1.944%,
01:20,wind,王功,23.0,0.2,0.870%,
01:20,wind,彰工,71.2,1.3,1.826%,
01:20,wind,永興,9.2,0.0,0.000%,
01:20,wind,離岸一期(註10),-,0.0,0.000%,
01:20,wind,雲麥,46.0,0.1,0.217%,
01:20,wind,四湖,28.0,0.0,0.000%,
01:20,wind,恆春,4.5,0.1,2.222%,
01:20,wind,澎湖中屯,4.8,0.2,4.771%,
01:20,wind,金門金沙,4.0,0.0,0.000%,通訊中斷
01:20,wind,澎湖湖西,5.4,0.1,0.926%,
01:20,wind,苗栗竹南,7.8,0.0,0.000%,
01:20,wind,苗栗大鵬,42.0,0.2,0.476%,
01:20,wind,鹿威彰濱,55.2,0.6,1.087%,
01:20,wind,鹿威鹿港,41.4,0.8,1.932%,
01:20,wind,觀威觀音&amp;桃威新屋,48.3,0.2,0.414%,
01:20,wind,中威大安,75.9,1.9,2.503%,
01:20,wind,崎威崎頂,6.9,0.0,0.000%,
01:20,wind,豐威,11.5,0.0,0.000%,
01:20,wind,龍威後龍,44.1,0.2,0.454%,
01:20,wind,苗栗通苑,39.1,0.1,0.256%,
01:20,wind,安威,11.5,0.1,0.870%,
01:20,wind,清風清水,2.3,0.0,0.000%,
01:20,wind,東鋼龍港,11.5,0.0,0.000%,
01:20,wind,海洋竹南,128.0,0.0,0.000%,
01:20,wind,禾風麥寮,2.3,0.0,0.000%,
01:20,wind,小計,840.2(1.691%),6.8(0.024%),,
01:20,solar,金門金沙,0.5,0.000,0.000%,
01:20,solar,台中生水池,2.1,0.000,0.000%,
01:20,solar,興達生水池,1.6,0.000,0.000%,
01:20,solar,嘉義民雄,0.1,0.000,0.000%,
01:20,solar,中部儲運,0.1,0.000,0.000%,
01:20,solar,東勢新伯公,0.1,0.000,0.000%,
01:20,solar,永安鹽灘地,4.6,0.000,0.000%,
01:20,solar,路北,0.1,0.000,0.000%,
01:20,solar,中原大學,0.0,0.000,0.000%,
01:20,solar,大潭生水池,0.6,0.000,0.000%,
01:20,solar,核三生水池,1.5,0.000,0.000%,
01:20,solar,七美,0.4,0.000,0.000%,
01:20,solar,尖山,0.1,0.000,0.000%,
01:20,solar,卓蘭,0.0,0.000,0.000%,
01:20,solar,后里,0.1,0.000,0.000%,
01:20,solar,台中龍井,6.5,0.000,0.000%,
01:20,solar,七股,1.8,0.000,0.000%,資料維修中
01:20,solar,龍潭E/S,0.2,0.000,0.000%,
01:20,solar,竹工E/S,0.2,0.000,0.000%,
01:20,solar,中科E/S,0.2,0.000,0.000%,
01:20,solar,彰林E/S,0.3,0.000,0.000%,
01:20,solar,高雄E/S,0.4,0.000,0.000%,資料維修中
01:20,solar,燕巢倉庫,0.5,0.000,0.000%,
01:20,solar,大潭,0.7,0.000,0.000%,
01:20,solar,北儲,0.9,0.000,0.000%,
01:20,solar,彰濱光,100.0,0.000,0.000%,
01:20,solar,南鹽光(註10),-,0.000,0.000%,
01:20,solar,崙尾光(註10),-,0.000,0.000%,
01:20,solar,太陽能購電(註7),5435.2,0.000,0.000%,
01:20,solar,小計,5558.8(11.188%),0.0(0.000%),,
01:20,pumpinggen,大觀二#1,250.0,0.0,0.000%,
01:20,pumpinggen,大觀二#2,250.0,0.0,0.000%,
01:20,pumpinggen,大觀二#3,250.0,0.0,0.000%,
01:20,pumpinggen,大觀二#4,250.0,0.0,0.000%,
01:20,pumpinggen,明潭#1,267.0,0.0,0.000%,
01:20,pumpinggen,明潭#2,267.0,164.8,61.723%,
01:20,pumpinggen,明潭#3,267.0,133.9,50.150%,
01:20,pumpinggen,明潭#4,267.0,0.0,0.000%,
01:20,pumpinggen,明潭#5,267.0,0.0,0.000%,
01:20,pumpinggen,明潭#6,267.0,0.0,0.000%,
01:20,pumpinggen,小計,2602.0(5.237%),298.7(1.070%),,
01:20,pumpingload,大觀二#1,-,0.0,-,
01:20,pumpingload,大觀二#2,-,-254.2,-,
01:20,pumpingload,大觀二#3,-,0.0,-,
01:20,pumpingload,大觀二#4,-,0.0,-,
01:20,pumpingload,明潭#1,-,0.0,-,
01:20,pumpingload,明潭#2,-,0.0,-,
01:20,pumpingload,明潭#3,-,0.0,-,
01:20,pumpingload,明潭#4,-,0.0,-,
01:20,pumpingload,明潭#5,-,0.0,-,
01:20,pumpingload,明潭#6,-,0.0,-,
01:20,geothermal,小型地熱能,0.3,0.2,66.667%,
01:20,geothermal,小計,0.3(0.001%),0.2(0.001%),,
01:30,nuclear,核二#1,985.0,852.6,86.558%,燃料限制
01:30,nuclear,核二#2,985.0,974.6,98.944%,
01:30,nuclear,核三#1,951.0,947.2,99.600%,
01:30,nuclear,核三#2,951.0,943.8,99.243%,
01:30,nuclear,小計,3872.0(7.793%),3718.2(13.434%),,
01:30,coal,林口#1,800.0,749.6,93.700%,
01:30,coal,林口#2,800.0,753.6,94.200%,
01:30,coal,林口#3,800.0,747.7,93.463%,
01:30,coal,台中#1,550.0,496.7,90.309%,運轉限制
01:30,coal,台中#2,550.0,521.2,94.764%,
01:30,coal,台中#3,550.0,522.1,94.927%,運轉限制
01:30,coal,台中#4,550.0,512.9,93.255%,
01:30,coal,台中#5,550.0,532.7,96.855%,
01:30,coal,台中#6,550.0,0.0,0.000%,環保停機檢修
01:30,coal,台中#7,550.0,521.9,94.891%,
01:30,coal,台中#8,550.0,529.6,96.291%,
01:30,coal,台中#9,550.0,144.8,26.327%,測試運轉
01:30,coal,台中#10,550.0,524.1,95.291%,
01:30,coal,興達#1(註12),500.0,475.2,95.040%,運轉限制
01:30,coal,興達#2(註12),500.0,472.1,94.420%,
01:30,coal,興達#3(註12),550.0,520.6,94.655%,
01:30,coal,興達#4(註12),550.0,523.2,95.127%,
01:30,coal,大林#1,800.0,752.5,94.062%,
01:30,coal,大林#2,800.0,756.4,94.550%,
01:30,coal,小計,11600.0(23.347%),10056.9(36.335%),,
01:30,cogen,汽電共生,618.0,1235.8,-,
01:30,cogen,小計,618.0(1.244%),1235.8(4.465%),,
01:30,ippcoal,和平#1,648.6,575.6,88.752%,
01:30,ippcoal,和平#2,648.6,564.2,86.994%,
01:30,ippcoal,麥寮#1,600.0,569.5,94.917%,
01:30,ippcoal,麥寮#2,600.0,566.8,94.467%,
01:30,ippcoal,麥寮#3,600.0,417.0,69.500%,運轉限制
01:30,ippcoal,小計,3097.1(6.234%),2693.1(9.730%),,
01:30,lng,大潭CC#1,742.7,636.2,85.660%,
01:30,lng,大潭CC#2,742.7,612.4,82.456%,
01:30,lng,大潭CC#3,724.7,620.5,85.622%,
01:30,lng,大潭CC#4,724.7,680.1,93.846%,
01:30,lng,大潭CC#5,724.7,626.8,86.491%,
01:30,lng,大潭CC#6,724.7,0.0,0.000%,歲修
01:30,lng,大潭CC#7,600.0,0.0,0.000%,部分檢修
01:30,lng,通霄CC#1,892.6,883.6,98.992%,
01:30,lng,通霄CC#2,892.6,873.6,97.871%,
01:30,lng,通霄CC#3,892.6,874.4,97.961%,
01:30,lng,通霄CC#4,386.0,318.2,82.435%,
01:30,lng,通霄CC#5,386.0,317.0,82.124%,
01:30,lng,通霄CC#6,321.2,348.1,108.375%,
01:30,lng,興達CC#1,445.2,386.7,86.862%,
01:30,lng,興達CC#2,445.2,0.0,0.000%,歲修
01:30,lng,興達CC#3,445.2,395.0,88.726%,
01:30,lng,興達CC#4,445.2,392.8,88.232%,
01:30,lng,興達CC#5,445.2,386.0,86.705%,
01:30,lng,南部CC#1,288.8,296.1,102.528%,
01:30,lng,南部CC#2,288.8,278.2,96.330%,
01:30,lng,南部CC#3,288.8,260.2,90.097%,
01:30,lng,南部CC#4,251.4,0.0,0.000%,檢修
01:30,lng,大林#5,500.0,142.2,28.440%,運轉限制
01:30,lng,大林#6,550.0,0.0,0.000%,歲修
01:30,lng,小計,13149.0(26.465%),9328.1(33.702%),,
01:30,ipplng,海湖#1,450.0,0.0,0.000%,合約限制
01:30,ipplng,海湖#2,450.0,453.7,100.822%,
01:30,ipplng,新桃#1,600.0,0.0,0.000%,檢修
01:30,ipplng,國光#1,480.0,0.0,0.000%,
01:30,ipplng,星彰#1,506.9,0.0,0.000%,合約限制
01:30,ipplng,星元#1,490.0,0.0,0.000%,部分故障
01:30,ipplng,嘉惠#1,670.0,0.0,0.000%,檢修
01:30,ipplng,嘉惠#2(註10),-,0.0,0.000%,
01:30,ipplng,豐德#1,506.9,0.0,0.000%,合約限制
01:30,ipplng,豐德#2,506.9,0.0,0.000%,合約限制
01:30,ipplng,小計,4660.6(9.380%),453.7(1.639%),,
01:30,oil,協和#3,500.0,134.1,26.820%,環保限制
01:30,oil,協和#4,500.0,0.0,0.000%,歲修
01:30,oil,小計,1000.0(2.013%),134.1(0.484%),,
01:30,diesel,核二Gas1,-,0.0,0.000%,
01:30,diesel,核二Gas2,-,0.0,0.000%,
01:30,diesel,核三Gas1,-,0.0,0.000%,
01:30,diesel,核三Gas2,-,0.0,0.000%,
01:30,diesel,台中Gas1&amp;2,140.0,0.0,0.000%,
01:30,diesel,台中Gas3&amp;4,140.0,0.0,0.000%,
01:30,diesel,澎湖尖山(註4),129.8,62.2,47.920%,
01:30,diesel,金門塔山(註4),113.3,37.6,33.189%,
01:30,diesel,馬祖珠山(註4),28.6,5.8,20.251%,
01:30,diesel,離島其他(註4),42.7,N/A,N/A,
01:30,diesel,小計(註5),594.4(1.196%),105.6(0.382%),,
01:30,hydro,德基#1,78.0,0.0,0.000%,
01:30,hydro,德基#2,78.0,0.0,0.000%,
01:30,hydro,德基#3,78.0,0.0,0.000%,
01:30,hydro,青山#1,92.0,0.0,0.000%,
01:30,hydro,青山#2,92.0,4.7,5.109%,
01:30,hydro,青山#3,92.0,0.0,0.000%,
01:30,hydro,青山#4,92.0,4.2,4.565%,
01:30,hydro,谷關#1,54.4,16.5,30.303%,
01:30,hydro,谷關#2,54.4,0.0,0.000%,
01:30,hydro,谷關#3,54.4,0.0,0.000%,歲修
01:30,hydro,谷關#4,54.4,0.0,0.000%,
01:30,hydro,天輪#1,22.5,19.2,85.333%,
01:30,hydro,天輪#2,22.5,0.0,0.000%,
01:30,hydro,天輪#3,22.5,0.0,0.000%,歲修
01:30,hydro,天輪#4,22.5,0.0,0.000%,
01:30,hydro,天輪#5,105.0,0.0,0.000%,
01:30,hydro,馬鞍#1,66.7,4.5,6.743%,
01:30,hydro,馬鞍#2,66.7,0.0,0.000%,
01:30,hydro,卓蘭#1,40.0,0.0,0.000%,
01:30,hydro,卓蘭#2,40.0,0.0,0.000%,
01:30,hydro,萬大#1,10.4,0.0,0.000%,
01:30,hydro,萬大#2,10.4,0.0,0.000%,
01:30,hydro,萬大#3,15.3,3.4,22.222%,
01:30,hydro,萬大#4,19.7,0.0,0.000%,
01:30,hydro,松林#1&amp;2,20.9,0.0,0.000%,
01:30,hydro,大觀一#1,22.0,8.0,36.364%,
01:30,hydro,大觀一#2,22.0,9.7,44.091%,
01:30,hydro,大觀一#3,22.0,8.7,39.545%,
01:30,hydro,大觀一#4,22.0,8.1,36.818%,
01:30,hydro,大觀一#5,22.0,0.0,0.000%,檢修
01:30,hydro,鉅工#1,21.8,0.0,0.000%,歲修
01:30,hydro,鉅工#2,21.8,9.1,41.839%,
01:30,hydro,水里#1,12.8,0.0,0.002%,
01:30,hydro,立霧#1&amp;#2,32.0,7.0,21.875%,
01:30,hydro,龍澗#1,48.6,0.0,0.000%,
01:30,hydro,龍澗#2,48.6,10.5,21.605%,
01:30,hydro,碧海,61.2,6.1,9.967%,
01:30,hydro,烏來&amp;桂山&amp;粗坑,40.5,6.7,16.543%,
01:30,hydro,北部小水力(註6),26.6,N/A,N/A,
01:30,hydro,中部小水力(註6),9.8,N/A,N/A,
01:30,hydro,南部小水力(註6),7.2,N/A,N/A,
01:30,hydro,東部小水力(註6),54.6,16.0,29.304%,
01:30,hydro,翡翠#1,70.0,0.0,0.000%,
01:30,hydro,石門#1,45.0,0.0,0.000%,
01:30,hydro,石門#2,45.0,25.1,55.778%,
01:30,hydro,曾文#1,50.0,0.0,0.000%,
01:30,hydro,義興#1,40.0,0.0,0.000%,
01:30,hydro,名間,16.7,0.0,0.000%,
01:30,hydro,嘉南西口、烏山頭和八田,22.5,0.0,0.000%,
01:30,hydro,后里示範,0.1,N/A,N/A,
01:30,hydro,卑南,2.0,0.6,30.303%,
01:30,hydro,捷祥關山,1.0,0.0,0.000%,
01:30,hydro,小計,2092.5(4.212%),174.1(0.629%),,
01:30,wind,石門,4.0,0.0,0.000%,
01:30,wind,林口,6.0,0.0,0.000%,
01:30,wind,蘆竹,7.2,0.0,0.000%,檢修
01:30,wind,大潭,15.1,0.0,0.000%,
01:30,wind,觀園,30.0,0.0,0.000%,
01:30,wind,香山,12.0,0.0,0.000%,
01:30,wind,台中,6.0,0.0,0.000%,
01:30,wind,台中港,36.0,0.4,1.111%,
01:30,wind,王功,23.0,0.1,0.435%,
01:30,wind,彰工,71.2,1.2,1.685%,
01:30,wind,永興,9.2,0.0,0.000%,
01:30,wind,離岸一期(註10),-,0.0,0.000%,
01:30,wind,雲麥,46.0,0.1,0.217%,
01:30,wind,四湖,28.0,0.0,0.000%,
01:30,wind,恆春,4.5,0.1,2.222%,
01:30,wind,澎湖中屯,4.8,0.2,4.771%,
01:30,wind,金門金沙,4.0,0.0,0.000%,通訊中斷
01:30,wind,澎湖湖西,5.4,0.1,0.926%,
01:30,wind,苗栗竹南,7.8,0.0,0.000%,
01:30,wind,苗栗大鵬,42.0,0.2,0.476%,
01:30,wind,鹿威彰濱,55.2,0.6,1.087%,
01:30,wind,鹿威鹿港,41.4,0.6,1.449%,
01:30,wind,觀威觀音&amp;桃威新屋,48.3,0.5,1.035%,
01:30,wind,中威大安,75.9,1.4,1.845%,
01:30,wind,崎威崎頂,6.9,0.0,0.000%,
01:30,wind,豐威,11.5,0.0,0.000%,
01:30,wind,龍威後龍,44.1,0.2,0.454%,
01:30,wind,苗栗通苑,39.1,0.1,0.256%,
01:30,wind,安威,11.5,0.1,0.870%,
01:30,wind,清風清水,2.3,0.0,0.000%,
01:30,wind,東鋼龍港,11.5,0.0,0.000%,
01:30,wind,海洋竹南,128.0,0.0,0.000%,
01:30,wind,禾風麥寮,2.3,0.0,0.000%,
01:30,wind,小計,840.2(1.691%),5.9(0.021%),,
01:30,solar,金門金沙,0.5,0.000,0.000%,
01:30,solar,台中生水池,2.1,0.000,0.000%,
01:30,solar,興達生水池,1.6,0.000,0.000%,
01:30,solar,嘉義民雄,0.1,0.000,0.000%,
01:30,solar,中部儲運,0.1,0.000,0.000%,
01:30,solar,東勢新伯公,0.1,0.000,0.000%,
01:30,solar,永安鹽灘地,4.6,0.000,0.000%,
01:30,solar,路北,0.1,0.000,0.000%,
01:30,solar,中原大學,0.0,0.000,0.000%,
01:30,solar,大潭生水池,0.6,0.000,0.000%,
01:30,solar,核三生水池,1.5,0.000,0.000%,
01:30,solar,七美,0.4,0.000,0.000%,
01:30,solar,尖山,0.1,0.000,0.000%,
01:30,solar,卓蘭,0.0,0.000,0.000%,
01:30,solar,后里,0.1,0.000,0.000%,
01:30,solar,台中龍井,6.5,0.000,0.000%,
01:30,solar,七股,1.8,0.000,0.000%,資料維修中
01:30,solar,龍潭E/S,0.2,0.000,0.000%,
01:30,solar,竹工E/S,0.2,0.000,0.000%,
01:30,solar,中科E/S,0.2,0.000,0.000%,
01:30,solar,彰林E/S,0.3,0.000,0.000%,
01:30,solar,高雄E/S,0.4,0.000,0.000%,資料維修中
01:30,solar,燕巢倉庫,0.5,0.000,0.000%,
01:30,solar,大潭,0.7,0.000,0.000%,
01:30,solar,北儲,0.9,0.000,0.000%,
01:30,solar,彰濱光,100.0,0.000,0.000%,
01:30,solar,南鹽光(註10),-,0.000,0.000%,
01:30,solar,崙尾光(註10),-,0.000,0.000%,
01:30,solar,太陽能購電(註7),5435.2,0.000,0.000%,
01:30,solar,小計,5558.8(11.188%),0.0(0.000%),,
01:30,pumpinggen,大觀二#1,250.0,0.0,0.000%,
01:30,pumpinggen,大觀二#2,250.0,0.0,0.000%,
01:30,pumpinggen,大觀二#3,250.0,0.0,0.000%,
01:30,pumpinggen,大觀二#4,250.0,0.0,0.000%,
01:30,pumpinggen,明潭#1,267.0,0.0,0.000%,
01:30,pumpinggen,明潭#2,267.0,26.2,9.813%,
01:30,pumpinggen,明潭#3,267.0,0.0,0.000%,
01:30,pumpinggen,明潭#4,267.0,0.0,0.000%,
01:30,pumpinggen,明潭#5,267.0,0.0,0.000%,
01:30,pumpinggen,明潭#6,267.0,0.0,0.000%,
01:30,pumpinggen,小計,2602.0(5.237%),26.2(0.095%),,
01:30,pumpingload,大觀二#1,-,0.0,-,
01:30,pumpingload,大觀二#2,-,-253.5,-,
01:30,pumpingload,大觀二#3,-,0.0,-,
01:30,pumpingload,大觀二#4,-,0.0,-,
01:30,pumpingload,明潭#1,-,0.0,-,
01:30,pumpingload,明潭#2,-,0.0,-,
01:30,pumpingload,明潭#3,-,0.0,-,
01:30,pumpingload,明潭#4,-,0.0,-,
01:30,pumpingload,明潭#5,-,0.0,-,
01:30,pumpingload,明潭#6,-,0.0,-,
01:30,geothermal,小型地熱能,0.3,0.2,66.667%,
01:30,geothermal,小計,0.3(0.001%),0.2(0.001%),,
01:40,nuclear,核二#1,985.0,853.9,86.690%,燃料限制
01:40,nuclear,核二#2,985.0,973.2,98.802%,
01:40,nuclear,核三#1,951.0,944.9,99.359%,
01:40,nuclear,核三#2,951.0,944.9,99.359%,
01:40,nuclear,小計,3872.0(7.793%),3716.9(13.441%),,
01:40,coal,林口#1,800.0,754.8,94.350%,
01:40,coal,林口#2,800.0,759.2,94.900%,
01:40,coal,林口#3,800.0,748.3,93.537%,
01:40,coal,台中#1,550.0,484.6,88.109%,運轉限制
01:40,coal,台中#2,550.0,505.4,91.891%,
01:40,coal,台中#3,550.0,502.1,91.291%,運轉限制
01:40,coal,台中#4,550.0,502.5,91.364%,
01:40,coal,台中#5,550.0,534.3,97.145%,
01:40,coal,台中#6,550.0,0.0,0.000%,環保停機檢修
01:40,coal,台中#7,550.0,521.7,94.855%,
01:40,coal,台中#8,550.0,530.5,96.455%,
01:40,coal,台中#9,550.0,148.8,27.055%,測試運轉
01:40,coal,台中#10,550.0,524.2,95.309%,
01:40,coal,興達#1(註12),500.0,477.8,95.560%,運轉限制
01:40,coal,興達#2(註12),500.0,473.3,94.660%,
01:40,coal,興達#3(註12),550.0,523.7,95.218%,
01:40,coal,興達#4(註12),550.0,519.4,94.436%,
01:40,coal,大林#1,800.0,752.5,94.062%,
01:40,coal,大林#2,800.0,761.8,95.225%,
01:40,coal,小計,11600.0(23.347%),10024.9(36.252%),,
01:40,cogen,汽電共生,618.0,1115.2,-,
01:40,cogen,小計,618.0(1.244%),1115.2(4.033%),,
01:40,ippcoal,和平#1,648.6,569.2,87.765%,
01:40,ippcoal,和平#2,648.6,566.7,87.380%,
01:40,ippcoal,麥寮#1,600.0,570.4,95.067%,
01:40,ippcoal,麥寮#2,600.0,569.1,94.850%,
01:40,ippcoal,麥寮#3,600.0,420.8,70.133%,運轉限制
01:40,ippcoal,小計,3097.1(6.234%),2696.2(9.750%),,
01:40,lng,大潭CC#1,742.7,680.6,91.639%,
01:40,lng,大潭CC#2,742.7,686.6,92.446%,
01:40,lng,大潭CC#3,724.7,632.2,87.236%,
01:40,lng,大潭CC#4,724.7,678.8,93.666%,
01:40,lng,大潭CC#5,724.7,660.0,91.072%,
01:40,lng,大潭CC#6,724.7,0.0,0.000%,歲修
01:40,lng,大潭CC#7,600.0,0.0,0.000%,部分檢修
01:40,lng,通霄CC#1,892.6,884.6,99.104%,
01:40,lng,通霄CC#2,892.6,874.2,97.939%,
01:40,lng,通霄CC#3,892.6,874.8,98.006%,
01:40,lng,通霄CC#4,386.0,304.7,78.938%,
01:40,lng,通霄CC#5,386.0,319.1,82.668%,
01:40,lng,通霄CC#6,321.2,348.9,108.624%,
01:40,lng,興達CC#1,445.2,399.4,89.715%,
01:40,lng,興達CC#2,445.2,0.0,0.000%,歲修
01:40,lng,興達CC#3,445.2,388.3,87.221%,
01:40,lng,興達CC#4,445.2,392.3,88.120%,
01:40,lng,興達CC#5,445.2,397.2,89.220%,
01:40,lng,南部CC#1,288.8,296.0,102.493%,
01:40,lng,南部CC#2,288.8,278.1,96.295%,
01:40,lng,南部CC#3,288.8,260.5,90.201%,
01:40,lng,南部CC#4,251.4,0.0,0.000%,檢修
01:40,lng,大林#5,500.0,142.2,28.440%,運轉限制
01:40,lng,大林#6,550.0,0.0,0.000%,歲修
01:40,lng,小計,13149.0(26.465%),9498.5(34.348%),,
01:40,ipplng,海湖#1,450.0,0.0,0.000%,合約限制
01:40,ipplng,海湖#2,450.0,454.4,100.978%,
01:40,ipplng,新桃#1,600.0,0.0,0.000%,檢修
01:40,ipplng,國光#1,480.0,0.0,0.000%,
01:40,ipplng,星彰#1,506.9,0.0,0.000%,合約限制
01:40,ipplng,星元#1,490.0,0.0,0.000%,部分故障
01:40,ipplng,嘉惠#1,670.0,0.0,0.000%,檢修
01:40,ipplng,嘉惠#2(註10),-,0.0,0.000%,
01:40,ipplng,豐德#1,506.9,0.0,0.000%,合約限制
01:40,ipplng,豐德#2,506.9,0.0,0.000%,合約限制
01:40,ipplng,小計,4660.6(9.380%),454.4(1.643%),,
01:40,oil,協和#3,500.0,132.9,26.580%,環保限制
01:40,oil,協和#4,500.0,0.0,0.000%,歲修
01:40,oil,小計,1000.0(2.013%),132.9(0.481%),,
01:40,diesel,核二Gas1,-,0.0,0.000%,
01:40,diesel,核二Gas2,-,0.0,0.000%,
01:40,diesel,核三Gas1,-,0.0,0.000%,
01:40,diesel,核三Gas2,-,0.0,0.000%,
01:40,diesel,台中Gas1&amp;2,140.0,0.0,0.000%,
01:40,diesel,台中Gas3&amp;4,140.0,0.0,0.000%,
01:40,diesel,澎湖尖山(註4),129.8,61.8,47.612%,
01:40,diesel,金門塔山(註4),113.3,37.2,32.836%,
01:40,diesel,馬祖珠山(註4),28.6,5.8,20.251%,
01:40,diesel,離島其他(註4),42.7,N/A,N/A,
01:40,diesel,小計(註5),594.4(1.196%),104.8(0.379%),,
01:40,hydro,德基#1,78.0,0.0,0.000%,
01:40,hydro,德基#2,78.0,0.0,0.000%,
01:40,hydro,德基#3,78.0,0.0,0.000%,
01:40,hydro,青山#1,92.0,0.0,0.000%,
01:40,hydro,青山#2,92.0,5.2,5.652%,
01:40,hydro,青山#3,92.0,0.0,0.000%,
01:40,hydro,青山#4,92.0,5.4,5.870%,
01:40,hydro,谷關#1,54.4,13.6,24.977%,
01:40,hydro,谷關#2,54.4,0.0,0.000%,
01:40,hydro,谷關#3,54.4,0.0,0.000%,歲修
01:40,hydro,谷關#4,54.4,0.0,0.000%,
01:40,hydro,天輪#1,22.5,19.3,85.778%,
01:40,hydro,天輪#2,22.5,0.0,0.000%,
01:40,hydro,天輪#3,22.5,0.0,0.000%,歲修
01:40,hydro,天輪#4,22.5,0.0,0.000%,
01:40,hydro,天輪#5,105.0,0.0,0.000%,
01:40,hydro,馬鞍#1,66.7,7.1,10.638%,
01:40,hydro,馬鞍#2,66.7,0.0,0.000%,
01:40,hydro,卓蘭#1,40.0,0.0,0.000%,
01:40,hydro,卓蘭#2,40.0,0.0,0.000%,
01:40,hydro,萬大#1,10.4,0.0,0.000%,
01:40,hydro,萬大#2,10.4,0.0,0.000%,
01:40,hydro,萬大#3,15.3,3.5,22.876%,
01:40,hydro,萬大#4,19.7,0.0,0.000%,
01:40,hydro,松林#1&amp;2,20.9,0.0,0.000%,
01:40,hydro,大觀一#1,22.0,4.6,20.909%,
01:40,hydro,大觀一#2,22.0,5.2,23.636%,
01:40,hydro,大觀一#3,22.0,6.2,28.182%,
01:40,hydro,大觀一#4,22.0,4.9,22.273%,
01:40,hydro,大觀一#5,22.0,0.0,0.000%,檢修
01:40,hydro,鉅工#1,21.8,0.0,0.000%,歲修
01:40,hydro,鉅工#2,21.8,7.5,34.483%,
01:40,hydro,水里#1,12.8,0.0,0.002%,
01:40,hydro,立霧#1&amp;#2,32.0,7.0,21.875%,
01:40,hydro,龍澗#1,48.6,0.0,0.000%,
01:40,hydro,龍澗#2,48.6,10.7,22.016%,
01:40,hydro,碧海,61.2,5.0,8.170%,
01:40,hydro,烏來&amp;桂山&amp;粗坑,40.5,6.6,16.296%,
01:40,hydro,北部小水力(註6),26.6,N/A,N/A,
01:40,hydro,中部小水力(註6),9.8,N/A,N/A,
01:40,hydro,南部小水力(註6),7.2,N/A,N/A,
01:40,hydro,東部小水力(註6),54.6,16.0,29.304%,
01:40,hydro,翡翠#1,70.0,0.0,0.000%,
01:40,hydro,石門#1,45.0,0.0,0.000%,
01:40,hydro,石門#2,45.0,24.9,55.333%,
01:40,hydro,曾文#1,50.0,0.0,0.000%,
01:40,hydro,義興#1,40.0,0.0,0.000%,
01:40,hydro,名間,16.7,0.0,0.000%,
01:40,hydro,嘉南西口、烏山頭和八田,22.5,0.2,0.890%,
01:40,hydro,后里示範,0.1,N/A,N/A,
01:40,hydro,卑南,2.0,0.6,30.303%,
01:40,hydro,捷祥關山,1.0,0.0,0.000%,
01:40,hydro,小計,2092.5(4.212%),159.5(0.577%),,
01:40,wind,石門,4.0,0.0,0.000%,
01:40,wind,林口,6.0,0.0,0.000%,
01:40,wind,蘆竹,7.2,0.0,0.000%,檢修
01:40,wind,大潭,15.1,0.0,0.000%,
01:40,wind,觀園,30.0,0.0,0.000%,
01:40,wind,香山,12.0,0.0,0.000%,
01:40,wind,台中,6.0,0.0,0.000%,
01:40,wind,台中港,36.0,0.4,1.111%,
01:40,wind,王功,23.0,0.0,0.000%,
01:40,wind,彰工,71.2,1.1,1.545%,
01:40,wind,永興,9.2,0.0,0.000%,
01:40,wind,離岸一期(註10),-,0.0,0.000%,
01:40,wind,雲麥,46.0,0.0,0.000%,
01:40,wind,四湖,28.0,0.0,0.000%,
01:40,wind,恆春,4.5,0.1,2.222%,
01:40,wind,澎湖中屯,4.8,0.2,4.771%,
01:40,wind,金門金沙,4.0,0.0,0.000%,通訊中斷
01:40,wind,澎湖湖西,5.4,0.1,0.926%,
01:40,wind,苗栗竹南,7.8,0.0,0.000%,
01:40,wind,苗栗大鵬,42.0,0.2,0.476%,
01:40,wind,鹿威彰濱,55.2,0.8,1.449%,
01:40,wind,鹿威鹿港,41.4,0.6,1.449%,
01:40,wind,觀威觀音&amp;桃威新屋,48.3,0.2,0.414%,
01:40,wind,中威大安,75.9,1.4,1.845%,
01:40,wind,崎威崎頂,6.9,0.0,0.000%,
01:40,wind,豐威,11.5,0.0,0.000%,
01:40,wind,龍威後龍,44.1,0.0,0.000%,
01:40,wind,苗栗通苑,39.1,0.1,0.256%,
01:40,wind,安威,11.5,0.1,0.870%,
01:40,wind,清風清水,2.3,0.0,0.000%,
01:40,wind,東鋼龍港,11.5,0.0,0.000%,
01:40,wind,海洋竹南,128.0,0.0,0.000%,
01:40,wind,禾風麥寮,2.3,0.0,0.000%,
01:40,wind,小計,840.2(1.691%),5.3(0.019%),,
01:40,solar,金門金沙,0.5,0.000,0.000%,
01:40,solar,台中生水池,2.1,0.000,0.000%,
01:40,solar,興達生水池,1.6,0.000,0.000%,
01:40,solar,嘉義民雄,0.1,0.000,0.000%,
01:40,solar,中部儲運,0.1,0.000,0.000%,
01:40,solar,東勢新伯公,0.1,0.000,0.000%,
01:40,solar,永安鹽灘地,4.6,0.000,0.000%,
01:40,solar,路北,0.1,0.000,0.000%,
01:40,solar,中原大學,0.0,0.000,0.000%,
01:40,solar,大潭生水池,0.6,0.000,0.000%,
01:40,solar,核三生水池,1.5,0.000,0.000%,
01:40,solar,七美,0.4,0.000,0.000%,
01:40,solar,尖山,0.1,0.000,0.000%,
01:40,solar,卓蘭,0.0,0.000,0.000%,
01:40,solar,后里,0.1,0.000,0.000%,
01:40,solar,台中龍井,6.5,0.000,0.000%,
01:40,solar,七股,1.8,0.000,0.000%,資料維修中
01:40,solar,龍潭E/S,0.2,0.000,0.000%,
01:40,solar,竹工E/S,0.2,0.000,0.000%,
01:40,solar,中科E/S,0.2,0.000,0.000%,
01:40,solar,彰林E/S,0.3,0.000,0.000%,
01:40,solar,高雄E/S,0.4,0.000,0.000%,資料維修中
01:40,solar,燕巢倉庫,0.5,0.000,0.000%,
01:40,solar,大潭,0.7,0.000,0.000%,
01:40,solar,北儲,0.9,0.000,0.000%,
01:40,solar,彰濱光,100.0,0.000,0.000%,
01:40,solar,南鹽光(註10),-,0.000,0.000%,
01:40,solar,崙尾光(註10),-,0.000,0.000%,
01:40,solar,太陽能購電(註7),5435.2,0.000,0.000%,
01:40,solar,小計,5558.8(11.188%),0.0(0.000%),,
01:40,pumpinggen,大觀二#1,250.0,0.0,0.000%,
01:40,pumpinggen,大觀二#2,250.0,0.0,0.000%,
01:40,pumpinggen,大觀二#3,250.0,0.0,0.000%,
01:40,pumpinggen,大觀二#4,250.0,0.0,0.000%,
01:40,pumpinggen,明潭#1,267.0,0.0,0.000%,
01:40,pumpinggen,明潭#2,267.0,0.0,0.000%,
01:40,pumpinggen,明潭#3,267.0,0.0,0.000%,
01:40,pumpinggen,明潭#4,267.0,0.0,0.000%,
01:40,pumpinggen,明潭#5,267.0,0.0,0.000%,
01:40,pumpinggen,明潭#6,267.0,0.0,0.000%,
01:40,pumpinggen,小計,2602.0(5.237%),0.0(0.000%),,
01:40,pumpingload,大觀二#1,-,0.0,-,
01:40,pumpingload,大觀二#2,-,-255.2,-,
01:40,pumpingload,大觀二#3,-,0.0,-,
01:40,pumpingload,大觀二#4,-,0.0,-,
01:40,pumpingload,明潭#1,-,0.0,-,
01:40,pumpingload,明潭#2,-,0.0,-,
01:40,pumpingload,明潭#3,-,0.0,-,
01:40,pumpingload,明潭#4,-,0.0,-,
01:40,pumpingload,明潭#5,-,0.0,-,
01:40,pumpingload,明潭#6,-,0.0,-,
01:40,geothermal,小型地熱能,0.3,0.2,66.667%,
01:40,geothermal,小計,0.3(0.001%),0.2(0.001%),,
01:50,nuclear,核二#1,985.0,853.9,86.690%,燃料限制
01:50,nuclear,核二#2,985.0,971.9,98.670%,
01:50,nuclear,核三#1,951.0,948.3,99.716%,
01:50,nuclear,核三#2,951.0,946.1,99.485%,
01:50,nuclear,小計,3872.0(7.793%),3720.2(13.570%),,
01:50,coal,林口#1,800.0,756.9,94.613%,
01:50,coal,林口#2,800.0,758.7,94.838%,
01:50,coal,林口#3,800.0,746.9,93.363%,
01:50,coal,台中#1,550.0,457.5,83.182%,運轉限制
01:50,coal,台中#2,550.0,491.9,89.436%,
01:50,coal,台中#3,550.0,470.7,85.582%,運轉限制
01:50,coal,台中#4,550.0,473.7,86.127%,
01:50,coal,台中#5,550.0,533.7,97.036%,
01:50,coal,台中#6,550.0,0.0,0.000%,環保停機檢修
01:50,coal,台中#7,550.0,520.5,94.636%,
01:50,coal,台中#8,550.0,531.4,96.618%,
01:50,coal,台中#9,550.0,146.5,26.636%,測試運轉
01:50,coal,台中#10,550.0,524.8,95.418%,
01:50,coal,興達#1(註12),500.0,472.7,94.540%,運轉限制
01:50,coal,興達#2(註12),500.0,479.6,95.920%,
01:50,coal,興達#3(註12),550.0,524.4,95.345%,
01:50,coal,興達#4(註12),550.0,520.9,94.709%,
01:50,coal,大林#1,800.0,754.0,94.250%,
01:50,coal,大林#2,800.0,761.8,95.225%,
01:50,coal,小計,11600.0(23.347%),9926.6(36.209%),,
01:50,cogen,汽電共生,618.0,1123.6,-,
01:50,cogen,小計,618.0(1.244%),1123.6(4.099%),,
01:50,ippcoal,和平#1,648.6,572.9,88.336%,
01:50,ippcoal,和平#2,648.6,567.3,87.472%,
01:50,ippcoal,麥寮#1,600.0,570.5,95.083%,
01:50,ippcoal,麥寮#2,600.0,567.4,94.567%,
01:50,ippcoal,麥寮#3,600.0,427.6,71.267%,運轉限制
01:50,ippcoal,小計,3097.1(6.234%),2705.7(9.869%),,
01:50,lng,大潭CC#1,742.7,618.4,83.264%,
01:50,lng,大潭CC#2,742.7,616.8,83.048%,
01:50,lng,大潭CC#3,724.7,609.3,84.076%,
01:50,lng,大潭CC#4,724.7,679.2,93.722%,
01:50,lng,大潭CC#5,724.7,642.9,88.713%,
01:50,lng,大潭CC#6,724.7,0.0,0.000%,歲修
01:50,lng,大潭CC#7,600.0,0.0,0.000%,部分檢修
01:50,lng,通霄CC#1,892.6,883.1,98.936%,
01:50,lng,通霄CC#2,892.6,871.1,97.591%,
01:50,lng,通霄CC#3,892.6,876.4,98.185%,
01:50,lng,通霄CC#4,386.0,322.5,83.549%,
01:50,lng,通霄CC#5,386.0,317.0,82.124%,
01:50,lng,通霄CC#6,321.2,347.6,108.219%,
01:50,lng,興達CC#1,445.2,392.7,88.210%,
01:50,lng,興達CC#2,445.2,0.0,0.000%,歲修
01:50,lng,興達CC#3,445.2,390.6,87.738%,
01:50,lng,興達CC#4,445.2,391.8,88.007%,
01:50,lng,興達CC#5,445.2,398.6,89.535%,
01:50,lng,南部CC#1,288.8,295.4,102.285%,
01:50,lng,南部CC#2,288.8,278.1,96.295%,
01:50,lng,南部CC#3,288.8,259.7,89.924%,
01:50,lng,南部CC#4,251.4,0.0,0.000%,檢修
01:50,lng,大林#5,500.0,139.0,27.800%,運轉限制
01:50,lng,大林#6,550.0,0.0,0.000%,歲修
01:50,lng,小計,13149.0(26.465%),9330.2(34.033%),,
01:50,ipplng,海湖#1,450.0,0.0,0.000%,合約限制
01:50,ipplng,海湖#2,450.0,453.7,100.822%,
01:50,ipplng,新桃#1,600.0,0.0,0.000%,檢修
01:50,ipplng,國光#1,480.0,0.0,0.000%,
01:50,ipplng,星彰#1,506.9,0.0,0.000%,合約限制
01:50,ipplng,星元#1,490.0,0.0,0.000%,部分故障
01:50,ipplng,嘉惠#1,670.0,0.0,0.000%,檢修
01:50,ipplng,嘉惠#2(註10),-,0.0,0.000%,
01:50,ipplng,豐德#1,506.9,0.0,0.000%,合約限制
01:50,ipplng,豐德#2,506.9,0.0,0.000%,合約限制
01:50,ipplng,小計,4660.6(9.380%),453.7(1.655%),,
01:50,oil,協和#3,500.0,132.2,26.440%,環保限制
01:50,oil,協和#4,500.0,0.0,0.000%,歲修
01:50,oil,小計,1000.0(2.013%),132.2(0.482%),,
01:50,diesel,核二Gas1,-,0.0,0.000%,
01:50,diesel,核二Gas2,-,0.0,0.000%,
01:50,diesel,核三Gas1,-,0.0,0.000%,
01:50,diesel,核三Gas2,-,0.0,0.000%,
01:50,diesel,台中Gas1&amp;2,140.0,0.0,0.000%,
01:50,diesel,台中Gas3&amp;4,140.0,0.0,0.000%,
01:50,diesel,澎湖尖山(註4),129.8,61.3,47.227%,
01:50,diesel,金門塔山(註4),113.3,37.5,33.100%,
01:50,diesel,馬祖珠山(註4),28.6,5.8,20.251%,
01:50,diesel,離島其他(註4),42.7,N/A,N/A,
01:50,diesel,小計(註5),594.4(1.196%),104.6(0.382%),,
01:50,hydro,德基#1,78.0,0.0,0.000%,
01:50,hydro,德基#2,78.0,0.0,0.000%,
01:50,hydro,德基#3,78.0,0.0,0.000%,
01:50,hydro,青山#1,92.0,0.0,0.000%,
01:50,hydro,青山#2,92.0,5.7,6.196%,
01:50,hydro,青山#3,92.0,0.0,0.000%,
01:50,hydro,青山#4,92.0,4.9,5.326%,
01:50,hydro,谷關#1,54.4,15.2,27.916%,
01:50,hydro,谷關#2,54.4,0.0,0.000%,
01:50,hydro,谷關#3,54.4,0.0,0.000%,歲修
01:50,hydro,谷關#4,54.4,0.0,0.000%,
01:50,hydro,天輪#1,22.5,19.3,85.778%,
01:50,hydro,天輪#2,22.5,0.0,0.000%,
01:50,hydro,天輪#3,22.5,0.0,0.000%,歲修
01:50,hydro,天輪#4,22.5,0.0,0.000%,
01:50,hydro,天輪#5,105.0,0.0,0.000%,
01:50,hydro,馬鞍#1,66.7,5.8,8.690%,
01:50,hydro,馬鞍#2,66.7,0.0,0.000%,
01:50,hydro,卓蘭#1,40.0,0.0,0.000%,
01:50,hydro,卓蘭#2,40.0,0.0,0.000%,
01:50,hydro,萬大#1,10.4,0.0,0.000%,
01:50,hydro,萬大#2,10.4,0.0,0.000%,
01:50,hydro,萬大#3,15.3,3.4,22.222%,
01:50,hydro,萬大#4,19.7,0.0,0.000%,
01:50,hydro,松林#1&amp;2,20.9,0.0,0.000%,
01:50,hydro,大觀一#1,22.0,5.7,25.909%,
01:50,hydro,大觀一#2,22.0,6.9,31.364%,
01:50,hydro,大觀一#3,22.0,6.6,30.000%,
01:50,hydro,大觀一#4,22.0,6.4,29.091%,
01:50,hydro,大觀一#5,22.0,0.0,0.000%,檢修
01:50,hydro,鉅工#1,21.8,0.0,0.000%,歲修
01:50,hydro,鉅工#2,21.8,12.5,57.471%,
01:50,hydro,水里#1,12.8,0.0,0.002%,
01:50,hydro,立霧#1&amp;#2,32.0,7.0,21.875%,
01:50,hydro,龍澗#1,48.6,0.0,0.000%,
01:50,hydro,龍澗#2,48.6,10.5,21.605%,
01:50,hydro,碧海,61.2,5.0,8.170%,
01:50,hydro,烏來&amp;桂山&amp;粗坑,40.5,6.3,15.556%,
01:50,hydro,北部小水力(註6),26.6,N/A,N/A,
01:50,hydro,中部小水力(註6),9.8,N/A,N/A,
01:50,hydro,南部小水力(註6),7.2,N/A,N/A,
01:50,hydro,東部小水力(註6),54.6,16.0,29.304%,
01:50,hydro,翡翠#1,70.0,0.0,0.000%,
01:50,hydro,石門#1,45.0,0.0,0.000%,
01:50,hydro,石門#2,45.0,25.2,56.000%,
01:50,hydro,曾文#1,50.0,0.0,0.000%,
01:50,hydro,義興#1,40.0,0.0,0.000%,
01:50,hydro,名間,16.7,0.0,0.000%,
01:50,hydro,嘉南西口、烏山頭和八田,22.5,0.0,0.000%,
01:50,hydro,后里示範,0.1,N/A,N/A,
01:50,hydro,卑南,2.0,0.6,30.303%,
01:50,hydro,捷祥關山,1.0,0.0,0.000%,
01:50,hydro,小計,2092.5(4.212%),169.0(0.616%),,
01:50,wind,石門,4.0,0.0,0.000%,
01:50,wind,林口,6.0,0.0,0.000%,
01:50,wind,蘆竹,7.2,0.0,0.000%,檢修
01:50,wind,大潭,15.1,0.0,0.000%,
01:50,wind,觀園,30.0,0.0,0.000%,
01:50,wind,香山,12.0,0.0,0.000%,
01:50,wind,台中,6.0,0.0,0.000%,
01:50,wind,台中港,36.0,0.8,2.222%,
01:50,wind,王功,23.0,0.0,0.000%,
01:50,wind,彰工,71.2,0.6,0.843%,
01:50,wind,永興,9.2,0.0,0.000%,
01:50,wind,離岸一期(註10),-,0.0,0.000%,
01:50,wind,雲麥,46.0,0.0,0.000%,
01:50,wind,四湖,28.0,0.0,0.000%,
01:50,wind,恆春,4.5,0.2,4.444%,
01:50,wind,澎湖中屯,4.8,0.2,4.771%,
01:50,wind,金門金沙,4.0,0.0,0.000%,通訊中斷
01:50,wind,澎湖湖西,5.4,0.1,0.926%,
01:50,wind,苗栗竹南,7.8,0.0,0.000%,
01:50,wind,苗栗大鵬,42.0,0.0,0.000%,
01:50,wind,鹿威彰濱,55.2,0.6,1.087%,
01:50,wind,鹿威鹿港,41.4,0.6,1.449%,
01:50,wind,觀威觀音&amp;桃威新屋,48.3,0.2,0.414%,
01:50,wind,中威大安,75.9,0.9,1.186%,
01:50,wind,崎威崎頂,6.9,0.0,0.000%,
01:50,wind,豐威,11.5,0.0,0.000%,
01:50,wind,龍威後龍,44.1,0.0,0.000%,
01:50,wind,苗栗通苑,39.1,0.1,0.256%,
01:50,wind,安威,11.5,0.1,0.870%,
01:50,wind,清風清水,2.3,0.0,0.000%,
01:50,wind,東鋼龍港,11.5,0.0,0.000%,
01:50,wind,海洋竹南,128.0,0.0,0.000%,
01:50,wind,禾風麥寮,2.3,0.0,0.000%,
01:50,wind,小計,840.2(1.691%),4.4(0.016%),,
01:50,solar,金門金沙,0.5,0.000,0.000%,
01:50,solar,台中生水池,2.1,0.000,0.000%,
01:50,solar,興達生水池,1.6,0.000,0.000%,
01:50,solar,嘉義民雄,0.1,0.000,0.000%,
01:50,solar,中部儲運,0.1,0.000,0.000%,
01:50,solar,東勢新伯公,0.1,0.000,0.000%,
01:50,solar,永安鹽灘地,4.6,0.000,0.000%,
01:50,solar,路北,0.1,0.000,0.000%,
01:50,solar,中原大學,0.0,0.000,0.000%,
01:50,solar,大潭生水池,0.6,0.000,0.000%,
01:50,solar,核三生水池,1.5,0.000,0.000%,
01:50,solar,七美,0.4,0.000,0.000%,
01:50,solar,尖山,0.1,0.000,0.000%,
01:50,solar,卓蘭,0.0,0.000,0.000%,
01:50,solar,后里,0.1,0.000,0.000%,
01:50,solar,台中龍井,6.5,0.000,0.000%,
01:50,solar,七股,1.8,0.000,0.000%,資料維修中
01:50,solar,龍潭E/S,0.2,0.000,0.000%,
01:50,solar,竹工E/S,0.2,0.000,0.000%,
01:50,solar,中科E/S,0.2,0.000,0.000%,
01:50,solar,彰林E/S,0.3,0.000,0.000%,
01:50,solar,高雄E/S,0.4,0.000,0.000%,資料維修中
01:50,solar,燕巢倉庫,0.5,0.000,0.000%,
01:50,solar,大潭,0.7,0.000,0.000%,
01:50,solar,北儲,0.9,0.000,0.000%,
01:50,solar,彰濱光,100.0,0.000,0.000%,
01:50,solar,南鹽光(註10),-,0.000,0.000%,
01:50,solar,崙尾光(註10),-,0.000,0.000%,
01:50,solar,太陽能購電(註7),5435.2,0.000,0.000%,
01:50,solar,小計,5558.8(11.188%),0.0(0.000%),,
01:50,pumpinggen,大觀二#1,250.0,0.0,0.000%,
01:50,pumpinggen,大觀二#2,250.0,0.0,0.000%,
01:50,pumpinggen,大觀二#3,250.0,0.0,0.000%,
01:50,pumpinggen,大觀二#4,250.0,0.0,0.000%,
01:50,pumpinggen,明潭#1,267.0,0.0,0.000%,
01:50,pumpinggen,明潭#2,267.0,0.0,0.000%,
01:50,pumpinggen,明潭#3,267.0,0.0,0.000%,
01:50,pumpinggen,明潭#4,267.0,0.0,0.000%,
01:50,pumpinggen,明潭#5,267.0,0.0,0.000%,
01:50,pumpinggen,明潭#6,267.0,0.0,0.000%,
01:50,pumpinggen,小計,2602.0(5.237%),0.0(0.000%),,
01:50,pumpingload,大觀二#1,-,0.0,-,
01:50,pumpingload,大觀二#2,-,-255.6,-,
01:50,pumpingload,大觀二#3,-,0.0,-,
01:50,pumpingload,大觀二#4,-,0.0,-,
01:50,pumpingload,明潭#1,-,0.0,-,
01:50,pumpingload,明潭#2,-,0.0,-,
01:50,pumpingload,明潭#3,-,0.0,-,
01:50,pumpingload,明潭#4,-,0.0,-,
01:50,pumpingload,明潭#5,-,0.0,-,
01:50,pumpingload,明潭#6,-,0.0,-,
01:50,geothermal,小型地熱能,0.3,0.2,66.667%,
01:50,geothermal,小計,0.3(0.001%),0.2(0.001%),,
02:00,nuclear,核二#1,985.0,852.6,86.558%,燃料限制
02:00,nuclear,核二#2,985.0,971.9,98.670%,
02:00,nuclear,核三#1,951.0,944.9,99.359%,
02:00,nuclear,核三#2,951.0,943.8,99.243%,
02:00,nuclear,小計,3872.0(7.793%),3713.2(13.672%),,
02:00,coal,林口#1,800.0,754.7,94.338%,
02:00,coal,林口#2,800.0,758.7,94.838%,
02:00,coal,林口#3,800.0,747.6,93.450%,
02:00,coal,台中#1,550.0,429.4,78.073%,運轉限制
02:00,coal,台中#2,550.0,449.0,81.636%,
02:00,coal,台中#3,550.0,421.3,76.600%,運轉限制
02:00,coal,台中#4,550.0,433.9,78.891%,
02:00,coal,台中#5,550.0,530.4,96.436%,
02:00,coal,台中#6,550.0,0.0,0.000%,環保停機檢修
02:00,coal,台中#7,550.0,521.5,94.818%,
02:00,coal,台中#8,550.0,532.9,96.891%,
02:00,coal,台中#9,550.0,137.5,25.000%,測試運轉
02:00,coal,台中#10,550.0,526.8,95.782%,
02:00,coal,興達#1(註12),500.0,470.8,94.160%,運轉限制
02:00,coal,興達#2(註12),500.0,477.1,95.420%,
02:00,coal,興達#3(註12),550.0,512.9,93.255%,
02:00,coal,興達#4(註12),550.0,519.4,94.436%,
02:00,coal,大林#1,800.0,752.5,94.062%,
02:00,coal,大林#2,800.0,758.8,94.850%,
02:00,coal,小計,11600.0(23.347%),9735.2(35.844%),,
02:00,cogen,汽電共生,618.0,1298.0,-,
02:00,cogen,小計,618.0(1.244%),1298.0(4.779%),,
02:00,ippcoal,和平#1,648.6,565.5,87.195%,
02:00,ippcoal,和平#2,648.6,567.6,87.518%,
02:00,ippcoal,麥寮#1,600.0,571.5,95.250%,
02:00,ippcoal,麥寮#2,600.0,567.5,94.583%,
02:00,ippcoal,麥寮#3,600.0,432.7,72.117%,運轉限制
02:00,ippcoal,小計,3097.1(6.234%),2704.8(9.959%),,
02:00,lng,大潭CC#1,742.7,604.2,81.352%,
02:00,lng,大潭CC#2,742.7,610.7,82.227%,
02:00,lng,大潭CC#3,724.7,614.3,84.766%,
02:00,lng,大潭CC#4,724.7,680.1,93.846%,
02:00,lng,大潭CC#5,724.7,611.3,84.352%,
02:00,lng,大潭CC#6,724.7,0.0,0.000%,歲修
02:00,lng,大潭CC#7,600.0,0.0,0.000%,部分檢修
02:00,lng,通霄CC#1,892.6,882.2,98.835%,
02:00,lng,通霄CC#2,892.6,870.6,97.535%,
02:00,lng,通霄CC#3,892.6,872.9,97.793%,
02:00,lng,通霄CC#4,386.0,333.6,86.425%,
02:00,lng,通霄CC#5,386.0,319.3,82.720%,
02:00,lng,通霄CC#6,321.2,349.3,108.748%,
02:00,lng,興達CC#1,445.2,391.2,87.873%,
02:00,lng,興達CC#2,445.2,0.0,0.000%,歲修
02:00,lng,興達CC#3,445.2,393.6,88.412%,
02:00,lng,興達CC#4,445.2,391.8,88.007%,
02:00,lng,興達CC#5,445.2,398.1,89.422%,
02:00,lng,南部CC#1,288.8,295.7,102.389%,
02:00,lng,南部CC#2,288.8,277.5,96.087%,
02:00,lng,南部CC#3,288.8,259.7,89.924%,
02:00,lng,南部CC#4,251.4,0.0,0.000%,檢修
02:00,lng,大林#5,500.0,140.9,28.180%,運轉限制
02:00,lng,大林#6,550.0,0.0,0.000%,歲修
02:00,lng,小計,13149.0(26.465%),9297.0(34.231%),,
02:00,ipplng,海湖#1,450.0,0.0,0.000%,合約限制
02:00,ipplng,海湖#2,450.0,452.9,100.644%,
02:00,ipplng,新桃#1,600.0,0.0,0.000%,檢修
02:00,ipplng,國光#1,480.0,0.0,0.000%,
02:00,ipplng,星彰#1,506.9,0.0,0.000%,合約限制
02:00,ipplng,星元#1,490.0,0.0,0.000%,部分故障
02:00,ipplng,嘉惠#1,670.0,0.0,0.000%,檢修
02:00,ipplng,嘉惠#2(註10),-,0.0,0.000%,
02:00,ipplng,豐德#1,506.9,0.0,0.000%,合約限制
02:00,ipplng,豐德#2,506.9,0.0,0.000%,合約限制
02:00,ipplng,小計,4660.6(9.380%),452.9(1.668%),,
02:00,oil,協和#3,500.0,133.5,26.700%,環保限制
02:00,oil,協和#4,500.0,0.0,0.000%,歲修
02:00,oil,小計,1000.0(2.013%),133.5(0.492%),,
02:00,diesel,核二Gas1,-,0.0,0.000%,
02:00,diesel,核二Gas2,-,0.0,0.000%,
02:00,diesel,核三Gas1,-,0.0,0.000%,
02:00,diesel,核三Gas2,-,0.0,0.000%,
02:00,diesel,台中Gas1&amp;2,140.0,0.0,0.000%,
02:00,diesel,台中Gas3&amp;4,140.0,0.0,0.000%,
02:00,diesel,澎湖尖山(註4),129.8,60.7,46.764%,
02:00,diesel,金門塔山(註4),113.3,34.5,30.452%,
02:00,diesel,馬祖珠山(註4),28.6,5.7,19.902%,
02:00,diesel,離島其他(註4),42.7,N/A,N/A,
02:00,diesel,小計(註5),594.4(1.196%),100.9(0.372%),,
02:00,hydro,德基#1,78.0,0.0,0.000%,
02:00,hydro,德基#2,78.0,0.0,0.000%,
02:00,hydro,德基#3,78.0,0.0,0.000%,
02:00,hydro,青山#1,92.0,0.0,0.000%,
02:00,hydro,青山#2,92.0,15.3,16.630%,
02:00,hydro,青山#3,92.0,0.0,0.000%,
02:00,hydro,青山#4,92.0,15.3,16.630%,
02:00,hydro,谷關#1,54.4,20.4,37.466%,
02:00,hydro,谷關#2,54.4,0.0,0.000%,
02:00,hydro,谷關#3,54.4,0.0,0.000%,歲修
02:00,hydro,谷關#4,54.4,0.0,0.000%,
02:00,hydro,天輪#1,22.5,19.3,85.778%,
02:00,hydro,天輪#2,22.5,0.0,0.000%,
02:00,hydro,天輪#3,22.5,0.0,0.000%,歲修
02:00,hydro,天輪#4,22.5,0.0,0.000%,
02:00,hydro,天輪#5,105.0,0.0,0.000%,
02:00,hydro,馬鞍#1,66.7,9.8,14.684%,
02:00,hydro,馬鞍#2,66.7,0.0,0.000%,
02:00,hydro,卓蘭#1,40.0,0.0,0.000%,
02:00,hydro,卓蘭#2,40.0,0.0,0.000%,
02:00,hydro,萬大#1,10.4,0.0,0.000%,
02:00,hydro,萬大#2,10.4,0.0,0.000%,
02:00,hydro,萬大#3,15.3,3.3,21.569%,
02:00,hydro,萬大#4,19.7,0.0,0.000%,
02:00,hydro,松林#1&amp;2,20.9,0.0,0.000%,
02:00,hydro,大觀一#1,22.0,15.9,72.273%,
02:00,hydro,大觀一#2,22.0,16.7,75.909%,
02:00,hydro,大觀一#3,22.0,18.6,84.545%,
02:00,hydro,大觀一#4,22.0,16.3,74.091%,
02:00,hydro,大觀一#5,22.0,0.0,0.000%,檢修
02:00,hydro,鉅工#1,21.8,0.0,0.000%,歲修
02:00,hydro,鉅工#2,21.8,13.2,60.690%,
02:00,hydro,水里#1,12.8,0.0,0.002%,
02:00,hydro,立霧#1&amp;#2,32.0,7.0,21.875%,
02:00,hydro,龍澗#1,48.6,0.0,0.000%,
02:00,hydro,龍澗#2,48.6,10.7,22.016%,
02:00,hydro,碧海,61.2,6.4,10.458%,
02:00,hydro,烏來&amp;桂山&amp;粗坑,40.5,6.6,16.296%,
02:00,hydro,北部小水力(註6),26.6,N/A,N/A,
02:00,hydro,中部小水力(註6),9.8,N/A,N/A,
02:00,hydro,南部小水力(註6),7.2,N/A,N/A,
02:00,hydro,東部小水力(註6),54.6,16.0,29.304%,
02:00,hydro,翡翠#1,70.0,0.0,0.000%,
02:00,hydro,石門#1,45.0,0.0,0.000%,
02:00,hydro,石門#2,45.0,24.8,55.111%,
02:00,hydro,曾文#1,50.0,0.0,0.000%,
02:00,hydro,義興#1,40.0,0.0,0.000%,
02:00,hydro,名間,16.7,0.0,0.000%,
02:00,hydro,嘉南西口、烏山頭和八田,22.5,0.0,0.000%,
02:00,hydro,后里示範,0.1,N/A,N/A,
02:00,hydro,卑南,2.0,0.6,30.303%,
02:00,hydro,捷祥關山,1.0,0.0,0.000%,
02:00,hydro,小計,2092.5(4.212%),242.2(0.892%),,
02:00,wind,石門,4.0,0.0,0.000%,
02:00,wind,林口,6.0,0.0,0.000%,
02:00,wind,蘆竹,7.2,0.0,0.000%,檢修
02:00,wind,大潭,15.1,0.0,0.000%,
02:00,wind,觀園,30.0,0.0,0.000%,
02:00,wind,香山,12.0,0.0,0.000%,
02:00,wind,台中,6.0,0.0,0.000%,
02:00,wind,台中港,36.0,0.5,1.389%,
02:00,wind,王功,23.0,0.0,0.000%,
02:00,wind,彰工,71.2,0.4,0.562%,
02:00,wind,永興,9.2,0.0,0.000%,
02:00,wind,離岸一期(註10),-,0.0,0.000%,
02:00,wind,雲麥,46.0,0.0,0.000%,
02:00,wind,四湖,28.0,0.0,0.000%,
02:00,wind,恆春,4.5,0.2,4.444%,
02:00,wind,澎湖中屯,4.8,0.2,4.771%,
02:00,wind,金門金沙,4.0,0.0,0.000%,通訊中斷
02:00,wind,澎湖湖西,5.4,0.1,0.926%,
02:00,wind,苗栗竹南,7.8,0.0,0.000%,
02:00,wind,苗栗大鵬,42.0,0.0,0.000%,
02:00,wind,鹿威彰濱,55.2,0.6,1.087%,
02:00,wind,鹿威鹿港,41.4,0.6,1.449%,
02:00,wind,觀威觀音&amp;桃威新屋,48.3,0.2,0.414%,
02:00,wind,中威大安,75.9,0.6,0.791%,
02:00,wind,崎威崎頂,6.9,0.0,0.000%,
02:00,wind,豐威,11.5,0.0,0.000%,
02:00,wind,龍威後龍,44.1,0.0,0.000%,
02:00,wind,苗栗通苑,39.1,0.1,0.256%,
02:00,wind,安威,11.5,0.1,0.870%,
02:00,wind,清風清水,2.3,0.0,0.000%,
02:00,wind,東鋼龍港,11.5,0.0,0.000%,
02:00,wind,海洋竹南,128.0,0.0,0.000%,
02:00,wind,禾風麥寮,2.3,0.0,0.000%,
02:00,wind,小計,840.2(1.691%),3.6(0.013%),,
02:00,solar,金門金沙,0.5,0.000,0.000%,
02:00,solar,台中生水池,2.1,0.000,0.000%,
02:00,solar,興達生水池,1.6,0.000,0.000%,
02:00,solar,嘉義民雄,0.1,0.000,0.000%,
02:00,solar,中部儲運,0.1,0.000,0.000%,
02:00,solar,東勢新伯公,0.1,0.000,0.000%,
02:00,solar,永安鹽灘地,4.6,0.000,0.000%,
02:00,solar,路北,0.1,0.000,0.000%,
02:00,solar,中原大學,0.0,0.000,0.000%,
02:00,solar,大潭生水池,0.6,0.000,0.000%,
02:00,solar,核三生水池,1.5,0.000,0.000%,
02:00,solar,七美,0.4,0.000,0.000%,
02:00,solar,尖山,0.1,0.000,0.000%,
02:00,solar,卓蘭,0.0,0.000,0.000%,
02:00,solar,后里,0.1,0.000,0.000%,
02:00,solar,台中龍井,6.5,0.000,0.000%,
02:00,solar,七股,1.8,0.000,0.000%,資料維修中
02:00,solar,龍潭E/S,0.2,0.000,0.000%,
02:00,solar,竹工E/S,0.2,0.000,0.000%,
02:00,solar,中科E/S,0.2,0.000,0.000%,
02:00,solar,彰林E/S,0.3,0.000,0.000%,
02:00,solar,高雄E/S,0.4,0.000,0.000%,資料維修中
02:00,solar,燕巢倉庫,0.5,0.000,0.000%,
02:00,solar,大潭,0.7,0.000,0.000%,
02:00,solar,北儲,0.9,0.000,0.000%,
02:00,solar,彰濱光,100.0,0.000,0.000%,
02:00,solar,南鹽光(註10),-,0.000,0.000%,
02:00,solar,崙尾光(註10),-,0.000,0.000%,
02:00,solar,太陽能購電(註7),5435.2,0.000,0.000%,
02:00,solar,小計,5558.8(11.188%),0.0(0.000%),,
02:00,pumpinggen,大觀二#1,250.0,0.0,0.000%,
02:00,pumpinggen,大觀二#2,250.0,0.0,0.000%,
02:00,pumpinggen,大觀二#3,250.0,0.0,0.000%,
02:00,pumpinggen,大觀二#4,250.0,0.0,0.000%,
02:00,pumpinggen,明潭#1,267.0,0.0,0.000%,
02:00,pumpinggen,明潭#2,267.0,0.0,0.000%,
02:00,pumpinggen,明潭#3,267.0,0.0,0.000%,
02:00,pumpinggen,明潭#4,267.0,0.0,0.000%,
02:00,pumpinggen,明潭#5,267.0,0.0,0.000%,
02:00,pumpinggen,明潭#6,267.0,0.0,0.000%,
02:00,pumpinggen,小計,2602.0(5.237%),0.0(0.000%),,
02:00,pumpingload,大觀二#1,-,0.0,-,
02:00,pumpingload,大觀二#2,-,-253.5,-,
02:00,pumpingload,大觀二#3,-,0.0,-,
02:00,pumpingload,大觀二#4,-,0.0,-,
02:00,pumpingload,明潭#1,-,0.0,-,
02:00,pumpingload,明潭#2,-,0.0,-,
02:00,pumpingload,明潭#3,-,-268.4,-,
02:00,pumpingload,明潭#4,-,0.0,-,
02:00,pumpingload,明潭#5,-,0.0,-,
02:00,pumpingload,明潭#6,-,0.0,-,
02:00,geothermal,小型地熱能,0.3,0.2,66.667%,
02:00,geothermal,小計,0.3(0.001%),0.2(0.001%),,
02:10,nuclear,核二#1,985.0,852.6,86.558%,燃料限制
02:10,nuclear,核二#2,985.0,970.6,98.538%,
02:10,nuclear,核三#1,951.0,943.8,99.243%,
02:10,nuclear,核三#2,951.0,942.6,99.117%,
02:10,nuclear,小計,3872.0(7.793%),3709.6(13.783%),,
02:10,coal,林口#1,800.0,757.8,94.725%,
02:10,coal,林口#2,800.0,760.0,95.000%,
02:10,coal,林口#3,800.0,748.0,93.500%,
02:10,coal,台中#1,550.0,412.0,74.909%,運轉限制
02:10,coal,台中#2,550.0,429.2,78.036%,
02:10,coal,台中#3,550.0,400.4,72.800%,運轉限制
02:10,coal,台中#4,550.0,410.6,74.655%,
02:10,coal,台中#5,550.0,533.0,96.909%,
02:10,coal,台中#6,550.0,0.0,0.000%,環保停機檢修
02:10,coal,台中#7,550.0,522.5,95.000%,
02:10,coal,台中#8,550.0,531.4,96.618%,
02:10,coal,台中#9,550.0,140.5,25.545%,測試運轉
02:10,coal,台中#10,550.0,524.8,95.418%,
02:10,coal,興達#1(註12),500.0,471.4,94.280%,運轉限制
02:10,coal,興達#2(註12),500.0,473.3,94.660%,
02:10,coal,興達#3(註12),550.0,520.6,94.655%,
02:10,coal,興達#4(註12),550.0,520.2,94.582%,
02:10,coal,大林#1,800.0,753.3,94.162%,
02:10,coal,大林#2,800.0,761.8,95.225%,
02:10,coal,小計,11600.0(23.347%),9670.8(35.931%),,
02:10,cogen,汽電共生,618.0,1140.6,-,
02:10,cogen,小計,618.0(1.244%),1140.6(4.238%),,
02:10,ippcoal,和平#1,648.6,572.3,88.243%,
02:10,ippcoal,和平#2,648.6,568.7,87.688%,
02:10,ippcoal,麥寮#1,600.0,568.9,94.817%,
02:10,ippcoal,麥寮#2,600.0,569.0,94.833%,
02:10,ippcoal,麥寮#3,600.0,424.6,70.767%,運轉限制
02:10,ippcoal,小計,3097.1(6.234%),2703.5(10.045%),,
02:10,lng,大潭CC#1,742.7,634.1,85.378%,
02:10,lng,大潭CC#2,742.7,627.1,84.435%,
02:10,lng,大潭CC#3,724.7,605.9,83.607%,
02:10,lng,大潭CC#4,724.7,679.7,93.791%,
02:10,lng,大潭CC#5,724.7,624.4,86.160%,
02:10,lng,大潭CC#6,724.7,0.0,0.000%,歲修
02:10,lng,大潭CC#7,600.0,0.0,0.000%,部分檢修
02:10,lng,通霄CC#1,892.6,881.7,98.779%,
02:10,lng,通霄CC#2,892.6,873.5,97.860%,
02:10,lng,通霄CC#3,892.6,876.4,98.185%,
02:10,lng,通霄CC#4,386.0,335.3,86.865%,
02:10,lng,通霄CC#5,386.0,318.6,82.539%,
02:10,lng,通霄CC#6,321.2,348.5,108.499%,
02:10,lng,興達CC#1,445.2,393.2,88.322%,
02:10,lng,興達CC#2,445.2,0.0,0.000%,歲修
02:10,lng,興達CC#3,445.2,392.9,88.254%,
02:10,lng,興達CC#4,445.2,391.4,87.918%,
02:10,lng,興達CC#5,445.2,392.5,88.165%,
02:10,lng,南部CC#1,288.8,295.7,102.389%,
02:10,lng,南部CC#2,288.8,277.5,96.087%,
02:10,lng,南部CC#3,288.8,259.7,89.924%,
02:10,lng,南部CC#4,251.4,0.0,0.000%,檢修
02:10,lng,大林#5,500.0,139.6,27.920%,運轉限制
02:10,lng,大林#6,550.0,0.0,0.000%,歲修
02:10,lng,小計,13149.0(26.465%),9347.7(34.731%),,
02:10,ipplng,海湖#1,450.0,0.0,0.000%,合約限制
02:10,ipplng,海湖#2,450.0,452.8,100.622%,
02:10,ipplng,新桃#1,600.0,0.0,0.000%,檢修
02:10,ipplng,國光#1,480.0,0.0,0.000%,
02:10,ipplng,星彰#1,506.9,0.0,0.000%,合約限制
02:10,ipplng,星元#1,490.0,0.0,0.000%,部分故障
02:10,ipplng,嘉惠#1,670.0,0.0,0.000%,檢修
02:10,ipplng,嘉惠#2(註10),-,0.0,0.000%,
02:10,ipplng,豐德#1,506.9,0.0,0.000%,合約限制
02:10,ipplng,豐德#2,506.9,0.0,0.000%,合約限制
02:10,ipplng,小計,4660.6(9.380%),452.8(1.682%),,
02:10,oil,協和#3,500.0,133.5,26.700%,環保限制
02:10,oil,協和#4,500.0,0.0,0.000%,歲修
02:10,oil,小計,1000.0(2.013%),133.5(0.496%),,
02:10,diesel,核二Gas1,-,0.0,0.000%,
02:10,diesel,核二Gas2,-,0.0,0.000%,
02:10,diesel,核三Gas1,-,0.0,0.000%,
02:10,diesel,核三Gas2,-,0.0,0.000%,
02:10,diesel,台中Gas1&amp;2,140.0,0.0,0.000%,
02:10,diesel,台中Gas3&amp;4,140.0,0.0,0.000%,
02:10,diesel,澎湖尖山(註4),129.8,60.4,46.533%,
02:10,diesel,金門塔山(註4),113.3,34.8,30.717%,
02:10,diesel,馬祖珠山(註4),28.6,5.7,19.902%,
02:10,diesel,離島其他(註4),42.7,N/A,N/A,
02:10,diesel,小計(註5),594.4(1.196%),100.9(0.375%),,
02:10,hydro,德基#1,78.0,0.0,0.000%,
02:10,hydro,德基#2,78.0,0.0,0.000%,
02:10,hydro,德基#3,78.0,0.0,0.000%,
02:10,hydro,青山#1,92.0,0.0,0.000%,
02:10,hydro,青山#2,92.0,6.1,6.630%,
02:10,hydro,青山#3,92.0,0.0,0.000%,
02:10,hydro,青山#4,92.0,5.7,6.196%,
02:10,hydro,谷關#1,54.4,17.5,32.140%,
02:10,hydro,谷關#2,54.4,0.0,0.000%,
02:10,hydro,谷關#3,54.4,0.0,0.000%,歲修
02:10,hydro,谷關#4,54.4,0.0,0.000%,
02:10,hydro,天輪#1,22.5,19.3,85.778%,
02:10,hydro,天輪#2,22.5,0.0,0.000%,
02:10,hydro,天輪#3,22.5,0.0,0.000%,歲修
02:10,hydro,天輪#4,22.5,0.0,0.000%,
02:10,hydro,天輪#5,105.0,0.0,0.000%,
02:10,hydro,馬鞍#1,66.7,7.7,11.537%,
02:10,hydro,馬鞍#2,66.7,0.0,0.000%,
02:10,hydro,卓蘭#1,40.0,0.0,0.000%,
02:10,hydro,卓蘭#2,40.0,0.0,0.000%,
02:10,hydro,萬大#1,10.4,0.0,0.000%,
02:10,hydro,萬大#2,10.4,0.0,0.000%,
02:10,hydro,萬大#3,15.3,3.4,22.222%,
02:10,hydro,萬大#4,19.7,0.0,0.000%,
02:10,hydro,松林#1&amp;2,20.9,0.0,0.000%,
02:10,hydro,大觀一#1,22.0,7.3,33.182%,
02:10,hydro,大觀一#2,22.0,7.5,34.091%,
02:10,hydro,大觀一#3,22.0,6.9,31.364%,
02:10,hydro,大觀一#4,22.0,7.5,34.091%,
02:10,hydro,大觀一#5,22.0,0.0,0.000%,檢修
02:10,hydro,鉅工#1,21.8,0.0,0.000%,歲修
02:10,hydro,鉅工#2,21.8,9.5,43.678%,
02:10,hydro,水里#1,12.8,0.0,0.002%,
02:10,hydro,立霧#1&amp;#2,32.0,7.0,21.875%,
02:10,hydro,龍澗#1,48.6,0.0,0.000%,
02:10,hydro,龍澗#2,48.6,10.6,21.811%,
02:10,hydro,碧海,61.2,5.3,8.660%,
02:10,hydro,烏來&amp;桂山&amp;粗坑,40.5,6.7,16.543%,
02:10,hydro,北部小水力(註6),26.6,N/A,N/A,
02:10,hydro,中部小水力(註6),9.8,N/A,N/A,
02:10,hydro,南部小水力(註6),7.2,N/A,N/A,
02:10,hydro,東部小水力(註6),54.6,16.0,29.304%,
02:10,hydro,翡翠#1,70.0,0.0,0.000%,
02:10,hydro,石門#1,45.0,0.0,0.000%,
02:10,hydro,石門#2,45.0,25.0,55.556%,
02:10,hydro,曾文#1,50.0,0.0,0.000%,
02:10,hydro,義興#1,40.0,0.0,0.000%,
02:10,hydro,名間,16.7,0.0,0.000%,
02:10,hydro,嘉南西口、烏山頭和八田,22.5,0.0,0.000%,
02:10,hydro,后里示範,0.1,N/A,N/A,
02:10,hydro,卑南,2.0,0.6,30.303%,
02:10,hydro,捷祥關山,1.0,0.0,0.000%,
02:10,hydro,小計,2092.5(4.212%),175.6(0.652%),,
02:10,wind,石門,4.0,0.0,0.000%,
02:10,wind,林口,6.0,0.0,0.000%,
02:10,wind,蘆竹,7.2,0.0,0.000%,檢修
02:10,wind,大潭,15.1,0.0,0.000%,
02:10,wind,觀園,30.0,0.0,0.000%,
02:10,wind,香山,12.0,0.0,0.000%,
02:10,wind,台中,6.0,0.0,0.000%,
02:10,wind,台中港,36.0,0.3,0.833%,
02:10,wind,王功,23.0,0.1,0.435%,
02:10,wind,彰工,71.2,0.3,0.421%,
02:10,wind,永興,9.2,0.0,0.000%,
02:10,wind,離岸一期(註10),-,0.0,0.000%,
02:10,wind,雲麥,46.0,0.0,0.000%,
02:10,wind,四湖,28.0,0.0,0.000%,
02:10,wind,恆春,4.5,0.2,4.444%,
02:10,wind,澎湖中屯,4.8,0.2,4.771%,
02:10,wind,金門金沙,4.0,0.0,0.000%,通訊中斷
02:10,wind,澎湖湖西,5.4,0.1,0.926%,
02:10,wind,苗栗竹南,7.8,0.0,0.000%,
02:10,wind,苗栗大鵬,42.0,0.0,0.000%,
02:10,wind,鹿威彰濱,55.2,0.6,1.087%,
02:10,wind,鹿威鹿港,41.4,0.6,1.449%,
02:10,wind,觀威觀音&amp;桃威新屋,48.3,0.0,0.000%,
02:10,wind,中威大安,75.9,0.1,0.132%,
02:10,wind,崎威崎頂,6.9,0.0,0.000%,
02:10,wind,豐威,11.5,0.0,0.000%,
02:10,wind,龍威後龍,44.1,0.0,0.000%,
02:10,wind,苗栗通苑,39.1,0.1,0.256%,
02:10,wind,安威,11.5,0.0,0.000%,
02:10,wind,清風清水,2.3,0.0,0.000%,
02:10,wind,東鋼龍港,11.5,0.0,0.000%,
02:10,wind,海洋竹南,128.0,0.0,0.000%,
02:10,wind,禾風麥寮,2.3,0.0,0.000%,
02:10,wind,小計,840.2(1.691%),2.6(0.010%),,
02:10,solar,金門金沙,0.5,0.000,0.000%,
02:10,solar,台中生水池,2.1,0.000,0.000%,
02:10,solar,興達生水池,1.6,0.000,0.000%,
02:10,solar,嘉義民雄,0.1,0.000,0.000%,
02:10,solar,中部儲運,0.1,0.000,0.000%,
02:10,solar,東勢新伯公,0.1,0.000,0.000%,
02:10,solar,永安鹽灘地,4.6,0.000,0.000%,
02:10,solar,路北,0.1,0.000,0.000%,
02:10,solar,中原大學,0.0,0.000,0.000%,
02:10,solar,大潭生水池,0.6,0.000,0.000%,
02:10,solar,核三生水池,1.5,0.000,0.000%,
02:10,solar,七美,0.4,0.000,0.000%,
02:10,solar,尖山,0.1,0.000,0.000%,
02:10,solar,卓蘭,0.0,0.000,0.000%,
02:10,solar,后里,0.1,0.000,0.000%,
02:10,solar,台中龍井,6.5,0.000,0.000%,
02:10,solar,七股,1.8,0.000,0.000%,資料維修中
02:10,solar,龍潭E/S,0.2,0.000,0.000%,
02:10,solar,竹工E/S,0.2,0.000,0.000%,
02:10,solar,中科E/S,0.2,0.000,0.000%,
02:10,solar,彰林E/S,0.3,0.000,0.000%,
02:10,solar,高雄E/S,0.4,0.000,0.000%,資料維修中
02:10,solar,燕巢倉庫,0.5,0.000,0.000%,
02:10,solar,大潭,0.7,0.000,0.000%,
02:10,solar,北儲,0.9,0.000,0.000%,
02:10,solar,彰濱光,100.0,0.000,0.000%,
02:10,solar,南鹽光(註10),-,0.000,0.000%,
02:10,solar,崙尾光(註10),-,0.000,0.000%,
02:10,solar,太陽能購電(註7),5435.2,0.000,0.000%,
02:10,solar,小計,5558.8(11.188%),0.0(0.000%),,
02:10,pumpinggen,大觀二#1,250.0,0.0,0.000%,
02:10,pumpinggen,大觀二#2,250.0,0.0,0.000%,
02:10,pumpinggen,大觀二#3,250.0,0.0,0.000%,
02:10,pumpinggen,大觀二#4,250.0,0.0,0.000%,
02:10,pumpinggen,明潭#1,267.0,0.0,0.000%,
02:10,pumpinggen,明潭#2,267.0,0.0,0.000%,
02:10,pumpinggen,明潭#3,267.0,0.0,0.000%,
02:10,pumpinggen,明潭#4,267.0,0.0,0.000%,
02:10,pumpinggen,明潭#5,267.0,0.0,0.000%,
02:10,pumpinggen,明潭#6,267.0,0.0,0.000%,
02:10,pumpinggen,小計,2602.0(5.237%),0.0(0.000%),,
02:10,pumpingload,大觀二#1,-,0.0,-,
02:10,pumpingload,大觀二#2,-,-255.2,-,
02:10,pumpingload,大觀二#3,-,0.0,-,
02:10,pumpingload,大觀二#4,-,0.0,-,
02:10,pumpingload,明潭#1,-,0.0,-,
02:10,pumpingload,明潭#2,-,0.0,-,
02:10,pumpingload,明潭#3,-,-267.7,-,
02:10,pumpingload,明潭#4,-,0.0,-,
02:10,pumpingload,明潭#5,-,0.0,-,
02:10,pumpingload,明潭#6,-,0.0,-,
02:10,geothermal,小型地熱能,0.3,0.2,66.667%,
02:10,geothermal,小計,0.3(0.001%),0.2(0.001%),,
02:20,nuclear,核二#1,985.0,852.6,86.558%,燃料限制
02:20,nuclear,核二#2,985.0,974.6,98.944%,
02:20,nuclear,核三#1,951.0,947.2,99.600%,
02:20,nuclear,核三#2,951.0,944.9,99.359%,
02:20,nuclear,小計,3872.0(7.793%),3719.3(13.821%),,
02:20,coal,林口#1,800.0,759.5,94.938%,
02:20,coal,林口#2,800.0,763.1,95.387%,
02:20,coal,林口#3,800.0,748.1,93.512%,
02:20,coal,台中#1,550.0,387.6,70.473%,運轉限制
02:20,coal,台中#2,550.0,397.9,72.345%,
02:20,coal,台中#3,550.0,380.8,69.236%,運轉限制
02:20,coal,台中#4,550.0,384.9,69.982%,
02:20,coal,台中#5,550.0,534.6,97.200%,
02:20,coal,台中#6,550.0,0.0,0.000%,環保停機檢修
02:20,coal,台中#7,550.0,524.9,95.436%,
02:20,coal,台中#8,550.0,532.4,96.800%,
02:20,coal,台中#9,550.0,139.7,25.400%,測試運轉
02:20,coal,台中#10,550.0,526.0,95.636%,
02:20,coal,興達#1(註12),500.0,470.8,94.160%,運轉限制
02:20,coal,興達#2(註12),500.0,472.7,94.540%,
02:20,coal,興達#3(註12),550.0,519.8,94.509%,
02:20,coal,興達#4(註12),550.0,517.8,94.145%,
02:20,coal,大林#1,800.0,751.8,93.975%,
02:20,coal,大林#2,800.0,763.4,95.425%,
02:20,coal,小計,11600.0(23.347%),9575.8(35.585%),,
02:20,cogen,汽電共生,618.0,1365.4,-,
02:20,cogen,小計,618.0(1.244%),1365.4(5.074%),,
02:20,ippcoal,和平#1,648.6,568.0,87.580%,
02:20,ippcoal,和平#2,648.6,566.8,87.395%,
02:20,ippcoal,麥寮#1,600.0,568.3,94.717%,
02:20,ippcoal,麥寮#2,600.0,569.5,94.917%,
02:20,ippcoal,麥寮#3,600.0,427.8,71.300%,運轉限制
02:20,ippcoal,小計,3097.1(6.234%),2700.4(10.035%),,
02:20,lng,大潭CC#1,742.7,613.2,82.564%,
02:20,lng,大潭CC#2,742.7,615.5,82.873%,
02:20,lng,大潭CC#3,724.7,642.0,88.588%,
02:20,lng,大潭CC#4,724.7,682.7,94.205%,
02:20,lng,大潭CC#5,724.7,637.2,87.926%,
02:20,lng,大潭CC#6,724.7,0.0,0.000%,歲修
02:20,lng,大潭CC#7,600.0,0.0,0.000%,部分檢修
02:20,lng,通霄CC#1,892.6,884.2,99.059%,
02:20,lng,通霄CC#2,892.6,874.7,97.995%,
02:20,lng,通霄CC#3,892.6,874.9,98.017%,
02:20,lng,通霄CC#4,386.0,348.4,90.259%,
02:20,lng,通霄CC#5,386.0,326.1,84.482%,
02:20,lng,通霄CC#6,321.2,351.4,109.402%,
02:20,lng,興達CC#1,445.2,406.3,91.264%,
02:20,lng,興達CC#2,445.2,0.0,0.000%,歲修
02:20,lng,興達CC#3,445.2,400.2,89.894%,
02:20,lng,興達CC#4,445.2,392.8,88.232%,
02:20,lng,興達CC#5,445.2,404.9,90.950%,
02:20,lng,南部CC#1,288.8,295.2,102.216%,
02:20,lng,南部CC#2,288.8,277.8,96.191%,
02:20,lng,南部CC#3,288.8,260.2,90.097%,
02:20,lng,南部CC#4,251.4,0.0,0.000%,檢修
02:20,lng,大林#5,500.0,141.6,28.320%,運轉限制
02:20,lng,大林#6,550.0,0.0,0.000%,歲修
02:20,lng,小計,13149.0(26.465%),9429.3(35.040%),,
02:20,ipplng,海湖#1,450.0,0.0,0.000%,合約限制
02:20,ipplng,海湖#2,450.0,455.2,101.156%,
02:20,ipplng,新桃#1,600.0,0.0,0.000%,檢修
02:20,ipplng,國光#1,480.0,0.0,0.000%,
02:20,ipplng,星彰#1,506.9,0.0,0.000%,合約限制
02:20,ipplng,星元#1,490.0,0.0,0.000%,部分故障
02:20,ipplng,嘉惠#1,670.0,0.0,0.000%,檢修
02:20,ipplng,嘉惠#2(註10),-,0.0,0.000%,
02:20,ipplng,豐德#1,506.9,0.0,0.000%,合約限制
02:20,ipplng,豐德#2,506.9,0.0,0.000%,合約限制
02:20,ipplng,小計,4660.6(9.380%),455.2(1.692%),,
02:20,oil,協和#3,500.0,132.9,26.580%,環保限制
02:20,oil,協和#4,500.0,0.0,0.000%,歲修
02:20,oil,小計,1000.0(2.013%),132.9(0.494%),,
02:20,diesel,核二Gas1,-,0.0,0.000%,
02:20,diesel,核二Gas2,-,0.0,0.000%,
02:20,diesel,核三Gas1,-,0.0,0.000%,
02:20,diesel,核三Gas2,-,0.0,0.000%,
02:20,diesel,台中Gas1&amp;2,140.0,0.0,0.000%,
02:20,diesel,台中Gas3&amp;4,140.0,0.0,0.000%,
02:20,diesel,澎湖尖山(註4),129.8,60.0,46.225%,
02:20,diesel,金門塔山(註4),113.3,34.5,30.452%,
02:20,diesel,馬祖珠山(註4),28.6,5.6,19.553%,
02:20,diesel,離島其他(註4),42.7,N/A,N/A,
02:20,diesel,小計(註5),594.4(1.196%),100.1(0.372%),,
02:20,hydro,德基#1,78.0,0.0,0.000%,
02:20,hydro,德基#2,78.0,0.0,0.000%,
02:20,hydro,德基#3,78.0,0.0,0.000%,
02:20,hydro,青山#1,92.0,0.0,0.000%,
02:20,hydro,青山#2,92.0,16.4,17.826%,
02:20,hydro,青山#3,92.0,0.0,0.000%,
02:20,hydro,青山#4,92.0,16.4,17.826%,
02:20,hydro,谷關#1,54.4,15.7,28.834%,
02:20,hydro,谷關#2,54.4,0.0,0.000%,
02:20,hydro,谷關#3,54.4,0.0,0.000%,歲修
02:20,hydro,谷關#4,54.4,0.0,0.000%,
02:20,hydro,天輪#1,22.5,19.3,85.778%,
02:20,hydro,天輪#2,22.5,0.0,0.000%,
02:20,hydro,天輪#3,22.5,0.0,0.000%,歲修
02:20,hydro,天輪#4,22.5,0.0,0.000%,
02:20,hydro,天輪#5,105.0,0.0,0.000%,
02:20,hydro,馬鞍#1,66.7,8.8,13.185%,
02:20,hydro,馬鞍#2,66.7,0.0,0.000%,
02:20,hydro,卓蘭#1,40.0,0.0,0.000%,
02:20,hydro,卓蘭#2,40.0,0.0,0.000%,
02:20,hydro,萬大#1,10.4,0.0,0.000%,
02:20,hydro,萬大#2,10.4,0.0,0.000%,
02:20,hydro,萬大#3,15.3,3.4,22.222%,
02:20,hydro,萬大#4,19.7,0.0,0.000%,
02:20,hydro,松林#1&amp;2,20.9,0.0,0.000%,
02:20,hydro,大觀一#1,22.0,11.2,50.909%,
02:20,hydro,大觀一#2,22.0,11.6,52.727%,
02:20,hydro,大觀一#3,22.0,12.0,54.545%,
02:20,hydro,大觀一#4,22.0,10.7,48.636%,
02:20,hydro,大觀一#5,22.0,0.0,0.000%,檢修
02:20,hydro,鉅工#1,21.8,0.0,0.000%,歲修
02:20,hydro,鉅工#2,21.8,13.0,59.770%,
02:20,hydro,水里#1,12.8,0.0,0.002%,
02:20,hydro,立霧#1&amp;#2,32.0,7.0,21.875%,
02:20,hydro,龍澗#1,48.6,0.0,0.000%,
02:20,hydro,龍澗#2,48.6,10.7,22.016%,
02:20,hydro,碧海,61.2,4.9,8.007%,
02:20,hydro,烏來&amp;桂山&amp;粗坑,40.5,6.5,16.049%,
02:20,hydro,北部小水力(註6),26.6,N/A,N/A,
02:20,hydro,中部小水力(註6),9.8,N/A,N/A,
02:20,hydro,南部小水力(註6),7.2,N/A,N/A,
02:20,hydro,東部小水力(註6),54.6,16.0,29.304%,
02:20,hydro,翡翠#1,70.0,0.0,0.000%,
02:20,hydro,石門#1,45.0,0.0,0.000%,
02:20,hydro,石門#2,45.0,25.2,56.000%,
02:20,hydro,曾文#1,50.0,0.0,0.000%,
02:20,hydro,義興#1,40.0,0.0,0.000%,
02:20,hydro,名間,16.7,0.0,0.000%,
02:20,hydro,嘉南西口、烏山頭和八田,22.5,0.0,0.000%,
02:20,hydro,后里示範,0.1,N/A,N/A,
02:20,hydro,卑南,2.0,0.6,30.303%,
02:20,hydro,捷祥關山,1.0,0.0,0.000%,
02:20,hydro,小計,2092.5(4.212%),215.4(0.800%),,
02:20,wind,石門,4.0,0.0,0.000%,
02:20,wind,林口,6.0,0.0,0.000%,
02:20,wind,蘆竹,7.2,0.0,0.000%,檢修
02:20,wind,大潭,15.1,0.0,0.000%,
02:20,wind,觀園,30.0,0.0,0.000%,
02:20,wind,香山,12.0,0.0,0.000%,
02:20,wind,台中,6.0,0.0,0.000%,
02:20,wind,台中港,36.0,0.2,0.556%,
02:20,wind,王功,23.0,0.0,0.000%,
02:20,wind,彰工,71.2,0.2,0.281%,
02:20,wind,永興,9.2,0.0,0.000%,
02:20,wind,離岸一期(註10),-,0.0,0.000%,
02:20,wind,雲麥,46.0,0.0,0.000%,
02:20,wind,四湖,28.0,0.0,0.000%,
02:20,wind,恆春,4.5,0.1,2.222%,
02:20,wind,澎湖中屯,4.8,0.2,4.771%,
02:20,wind,金門金沙,4.0,0.0,0.000%,通訊中斷
02:20,wind,澎湖湖西,5.4,0.1,0.926%,
02:20,wind,苗栗竹南,7.8,0.0,0.000%,
02:20,wind,苗栗大鵬,42.0,0.0,0.000%,
02:20,wind,鹿威彰濱,55.2,0.0,0.000%,
02:20,wind,鹿威鹿港,41.4,0.6,1.449%,
02:20,wind,觀威觀音&amp;桃威新屋,48.3,0.0,0.000%,
02:20,wind,中威大安,75.9,0.0,0.000%,
02:20,wind,崎威崎頂,6.9,0.0,0.000%,
02:20,wind,豐威,11.5,0.0,0.000%,
02:20,wind,龍威後龍,44.1,0.0,0.000%,
02:20,wind,苗栗通苑,39.1,0.1,0.256%,
02:20,wind,安威,11.5,0.0,0.000%,
02:20,wind,清風清水,2.3,0.0,0.000%,
02:20,wind,東鋼龍港,11.5,0.0,0.000%,
02:20,wind,海洋竹南,128.0,0.0,0.000%,
02:20,wind,禾風麥寮,2.3,0.0,0.000%,
02:20,wind,小計,840.2(1.691%),1.5(0.005%),,
02:20,solar,金門金沙,0.5,0.000,0.000%,
02:20,solar,台中生水池,2.1,0.000,0.000%,
02:20,solar,興達生水池,1.6,0.000,0.000%,
02:20,solar,嘉義民雄,0.1,0.000,0.000%,
02:20,solar,中部儲運,0.1,0.000,0.000%,
02:20,solar,東勢新伯公,0.1,0.000,0.000%,
02:20,solar,永安鹽灘地,4.6,0.000,0.000%,
02:20,solar,路北,0.1,0.000,0.000%,
02:20,solar,中原大學,0.0,0.000,0.000%,
02:20,solar,大潭生水池,0.6,0.000,0.000%,
02:20,solar,核三生水池,1.5,0.000,0.000%,
02:20,solar,七美,0.4,0.000,0.000%,
02:20,solar,尖山,0.1,0.000,0.000%,
02:20,solar,卓蘭,0.0,0.000,0.000%,
02:20,solar,后里,0.1,0.000,0.000%,
02:20,solar,台中龍井,6.5,0.000,0.000%,
02:20,solar,七股,1.8,0.000,0.000%,資料維修中
02:20,solar,龍潭E/S,0.2,0.000,0.000%,
02:20,solar,竹工E/S,0.2,0.000,0.000%,
02:20,solar,中科E/S,0.2,0.000,0.000%,
02:20,solar,彰林E/S,0.3,0.000,0.000%,
02:20,solar,高雄E/S,0.4,0.000,0.000%,資料維修中
02:20,solar,燕巢倉庫,0.5,0.000,0.000%,
02:20,solar,大潭,0.7,0.000,0.000%,
02:20,solar,北儲,0.9,0.000,0.000%,
02:20,solar,彰濱光,100.0,0.000,0.000%,
02:20,solar,南鹽光(註10),-,0.000,0.000%,
02:20,solar,崙尾光(註10),-,0.000,0.000%,
02:20,solar,太陽能購電(註7),5435.2,0.000,0.000%,
02:20,solar,小計,5558.8(11.188%),0.0(0.000%),,
02:20,pumpinggen,大觀二#1,250.0,0.0,0.000%,
02:20,pumpinggen,大觀二#2,250.0,0.0,0.000%,
02:20,pumpinggen,大觀二#3,250.0,0.0,0.000%,
02:20,pumpinggen,大觀二#4,250.0,0.0,0.000%,
02:20,pumpinggen,明潭#1,267.0,0.0,0.000%,
02:20,pumpinggen,明潭#2,267.0,0.0,0.000%,
02:20,pumpinggen,明潭#3,267.0,0.0,0.000%,
02:20,pumpinggen,明潭#4,267.0,0.0,0.000%,
02:20,pumpinggen,明潭#5,267.0,0.0,0.000%,
02:20,pumpinggen,明潭#6,267.0,0.0,0.000%,
02:20,pumpinggen,小計,2602.0(5.237%),0.0(0.000%),,
02:20,pumpingload,大觀二#1,-,0.0,-,
02:20,pumpingload,大觀二#2,-,-253.8,-,
02:20,pumpingload,大觀二#3,-,0.0,-,
02:20,pumpingload,大觀二#4,-,0.0,-,
02:20,pumpingload,明潭#1,-,0.0,-,
02:20,pumpingload,明潭#2,-,0.0,-,
02:20,pumpingload,明潭#3,-,-266.7,-,
02:20,pumpingload,明潭#4,-,-265.0,-,
02:20,pumpingload,明潭#5,-,0.0,-,
02:20,pumpingload,明潭#6,-,0.0,-,
02:20,geothermal,小型地熱能,0.3,0.2,66.667%,
02:20,geothermal,小計,0.3(0.001%),0.2(0.001%),,
02:30,nuclear,核二#1,985.0,852.6,86.558%,燃料限制
02:30,nuclear,核二#2,985.0,971.9,98.670%,
02:30,nuclear,核三#1,951.0,944.9,99.359%,
02:30,nuclear,核三#2,951.0,944.9,99.359%,
02:30,nuclear,小計,3872.0(7.793%),3714.3(13.842%),,
02:30,coal,林口#1,800.0,758.9,94.863%,
02:30,coal,林口#2,800.0,760.4,95.050%,
02:30,coal,林口#3,800.0,748.7,93.588%,
02:30,coal,台中#1,550.0,374.0,68.000%,運轉限制
02:30,coal,台中#2,550.0,390.1,70.927%,
02:30,coal,台中#3,550.0,389.6,70.836%,運轉限制
02:30,coal,台中#4,550.0,374.4,68.073%,
02:30,coal,台中#5,550.0,533.8,97.055%,
02:30,coal,台中#6,550.0,0.0,0.000%,環保停機檢修
02:30,coal,台中#7,550.0,518.5,94.273%,
02:30,coal,台中#8,550.0,530.7,96.491%,
02:30,coal,台中#9,550.0,142.0,25.818%,測試運轉
02:30,coal,台中#10,550.0,526.6,95.745%,
02:30,coal,興達#1(註12),500.0,467.0,93.400%,運轉限制
02:30,coal,興達#2(註12),500.0,478.4,95.680%,
02:30,coal,興達#3(註12),550.0,518.3,94.236%,
02:30,coal,興達#4(註12),550.0,520.9,94.709%,
02:30,coal,大林#1,800.0,754.0,94.250%,
02:30,coal,大林#2,800.0,761.8,95.225%,
02:30,coal,小計,11600.0(23.347%),9548.1(35.582%),,
02:30,cogen,汽電共生,618.0,1156.6,-,
02:30,cogen,小計,618.0(1.244%),1156.6(4.310%),,
02:30,ippcoal,和平#1,648.6,574.9,88.644%,
02:30,ippcoal,和平#2,648.6,569.5,87.811%,
02:30,ippcoal,麥寮#1,600.0,571.1,95.183%,
02:30,ippcoal,麥寮#2,600.0,566.9,94.483%,
02:30,ippcoal,麥寮#3,600.0,425.9,70.983%,運轉限制
02:30,ippcoal,小計,3097.1(6.234%),2708.3(10.093%),,
02:30,lng,大潭CC#1,742.7,679.4,91.477%,
02:30,lng,大潭CC#2,742.7,694.8,93.551%,
02:30,lng,大潭CC#3,724.7,645.9,89.127%,
02:30,lng,大潭CC#4,724.7,685.1,94.536%,
02:30,lng,大潭CC#5,724.7,660.0,91.072%,
02:30,lng,大潭CC#6,724.7,0.0,0.000%,歲修
02:30,lng,大潭CC#7,600.0,0.0,0.000%,部分檢修
02:30,lng,通霄CC#1,892.6,884.2,99.059%,
02:30,lng,通霄CC#2,892.6,875.1,98.039%,
02:30,lng,通霄CC#3,892.6,876.4,98.185%,
02:30,lng,通霄CC#4,386.0,362.8,93.990%,
02:30,lng,通霄CC#5,386.0,335.4,86.891%,
02:30,lng,通霄CC#6,321.2,351.5,109.433%,
02:30,lng,興達CC#1,445.2,399.5,89.737%,
02:30,lng,興達CC#2,445.2,0.0,0.000%,歲修
02:30,lng,興達CC#3,445.2,386.9,86.907%,
02:30,lng,興達CC#4,445.2,393.9,88.479%,
02:30,lng,興達CC#5,445.2,391.5,87.940%,
02:30,lng,南部CC#1,288.8,295.8,102.424%,
02:30,lng,南部CC#2,288.8,278.2,96.330%,
02:30,lng,南部CC#3,288.8,260.0,90.028%,
02:30,lng,南部CC#4,251.4,0.0,0.000%,檢修
02:30,lng,大林#5,500.0,140.9,28.180%,運轉限制
02:30,lng,大林#6,550.0,0.0,0.000%,歲修
02:30,lng,小計,13149.0(26.465%),9597.3(35.765%),,
02:30,ipplng,海湖#1,450.0,0.0,0.000%,合約限制
02:30,ipplng,海湖#2,450.0,453.5,100.778%,
02:30,ipplng,新桃#1,600.0,0.0,0.000%,檢修
02:30,ipplng,國光#1,480.0,0.0,0.000%,
02:30,ipplng,星彰#1,506.9,0.0,0.000%,合約限制
02:30,ipplng,星元#1,490.0,0.0,0.000%,部分故障
02:30,ipplng,嘉惠#1,670.0,0.0,0.000%,檢修
02:30,ipplng,嘉惠#2(註10),-,0.0,0.000%,
02:30,ipplng,豐德#1,506.9,0.0,0.000%,合約限制
02:30,ipplng,豐德#2,506.9,0.0,0.000%,合約限制
02:30,ipplng,小計,4660.6(9.380%),453.5(1.690%),,
02:30,oil,協和#3,500.0,133.5,26.700%,環保限制
02:30,oil,協和#4,500.0,0.0,0.000%,歲修
02:30,oil,小計,1000.0(2.013%),133.5(0.498%),,
02:30,diesel,核二Gas1,-,0.0,0.000%,
02:30,diesel,核二Gas2,-,0.0,0.000%,
02:30,diesel,核三Gas1,-,0.0,0.000%,
02:30,diesel,核三Gas2,-,0.0,0.000%,
02:30,diesel,台中Gas1&amp;2,140.0,0.0,0.000%,
02:30,diesel,台中Gas3&amp;4,140.0,0.0,0.000%,
02:30,diesel,澎湖尖山(註4),129.8,59.7,45.994%,
02:30,diesel,金門塔山(註4),113.3,34.4,30.364%,
02:30,diesel,馬祖珠山(註4),28.6,5.6,19.553%,
02:30,diesel,離島其他(註4),42.7,N/A,N/A,
02:30,diesel,小計(註5),594.4(1.196%),99.7(0.372%),,
02:30,hydro,德基#1,78.0,0.0,0.000%,
02:30,hydro,德基#2,78.0,0.0,0.000%,
02:30,hydro,德基#3,78.0,0.0,0.000%,
02:30,hydro,青山#1,92.0,0.0,0.000%,
02:30,hydro,青山#2,92.0,23.5,25.543%,
02:30,hydro,青山#3,92.0,0.0,0.000%,
02:30,hydro,青山#4,92.0,24.8,26.957%,
02:30,hydro,谷關#1,54.4,14.2,26.079%,
02:30,hydro,谷關#2,54.4,0.0,0.000%,
02:30,hydro,谷關#3,54.4,0.0,0.000%,歲修
02:30,hydro,谷關#4,54.4,0.0,0.000%,
02:30,hydro,天輪#1,22.5,19.3,85.778%,
02:30,hydro,天輪#2,22.5,0.0,0.000%,
02:30,hydro,天輪#3,22.5,0.0,0.000%,歲修
02:30,hydro,天輪#4,22.5,0.0,0.000%,
02:30,hydro,天輪#5,105.0,0.0,0.000%,
02:30,hydro,馬鞍#1,66.7,8.4,12.586%,
02:30,hydro,馬鞍#2,66.7,0.0,0.000%,
02:30,hydro,卓蘭#1,40.0,0.0,0.000%,
02:30,hydro,卓蘭#2,40.0,0.0,0.000%,
02:30,hydro,萬大#1,10.4,0.0,0.000%,
02:30,hydro,萬大#2,10.4,0.0,0.000%,
02:30,hydro,萬大#3,15.3,3.5,22.876%,
02:30,hydro,萬大#4,19.7,0.0,0.000%,
02:30,hydro,松林#1&amp;2,20.9,0.0,0.000%,
02:30,hydro,大觀一#1,22.0,8.8,40.000%,
02:30,hydro,大觀一#2,22.0,9.7,44.091%,
02:30,hydro,大觀一#3,22.0,6.9,31.364%,
02:30,hydro,大觀一#4,22.0,7.6,34.545%,
02:30,hydro,大觀一#5,22.0,0.0,0.000%,檢修
02:30,hydro,鉅工#1,21.8,0.0,0.000%,歲修
02:30,hydro,鉅工#2,21.8,11.8,54.253%,
02:30,hydro,水里#1,12.8,0.0,0.002%,
02:30,hydro,立霧#1&amp;#2,32.0,7.0,21.875%,
02:30,hydro,龍澗#1,48.6,0.0,0.000%,
02:30,hydro,龍澗#2,48.6,10.7,22.016%,
02:30,hydro,碧海,61.2,5.2,8.497%,
02:30,hydro,烏來&amp;桂山&amp;粗坑,40.5,6.3,15.556%,
02:30,hydro,北部小水力(註6),26.6,N/A,N/A,
02:30,hydro,中部小水力(註6),9.8,N/A,N/A,
02:30,hydro,南部小水力(註6),7.2,N/A,N/A,
02:30,hydro,東部小水力(註6),54.6,16.0,29.304%,
02:30,hydro,翡翠#1,70.0,0.0,0.000%,
02:30,hydro,石門#1,45.0,0.0,0.000%,
02:30,hydro,石門#2,45.0,25.2,56.000%,
02:30,hydro,曾文#1,50.0,0.0,0.000%,
02:30,hydro,義興#1,40.0,0.0,0.000%,
02:30,hydro,名間,16.7,0.0,0.000%,
02:30,hydro,嘉南西口、烏山頭和八田,22.5,0.0,0.000%,
02:30,hydro,后里示範,0.1,N/A,N/A,
02:30,hydro,卑南,2.0,0.6,30.303%,
02:30,hydro,捷祥關山,1.0,0.0,0.000%,
02:30,hydro,小計,2092.5(4.212%),215.5(0.803%),,
02:30,wind,石門,4.0,0.0,0.000%,
02:30,wind,林口,6.0,0.0,0.000%,
02:30,wind,蘆竹,7.2,0.0,0.000%,檢修
02:30,wind,大潭,15.1,0.0,0.000%,
02:30,wind,觀園,30.0,0.0,0.000%,
02:30,wind,香山,12.0,0.0,0.000%,
02:30,wind,台中,6.0,0.0,0.000%,
02:30,wind,台中港,36.0,0.0,0.000%,
02:30,wind,王功,23.0,0.0,0.000%,
02:30,wind,彰工,71.2,0.1,0.140%,
02:30,wind,永興,9.2,0.0,0.000%,
02:30,wind,離岸一期(註10),-,0.0,0.000%,
02:30,wind,雲麥,46.0,0.0,0.000%,
02:30,wind,四湖,28.0,0.0,0.000%,
02:30,wind,恆春,4.5,0.0,0.000%,
02:30,wind,澎湖中屯,4.8,0.2,4.771%,
02:30,wind,金門金沙,4.0,0.0,0.000%,通訊中斷
02:30,wind,澎湖湖西,5.4,0.1,0.926%,
02:30,wind,苗栗竹南,7.8,0.0,0.000%,
02:30,wind,苗栗大鵬,42.0,0.0,0.000%,
02:30,wind,鹿威彰濱,55.2,0.0,0.000%,
02:30,wind,鹿威鹿港,41.4,0.6,1.449%,
02:30,wind,觀威觀音&amp;桃威新屋,48.3,0.0,0.000%,
02:30,wind,中威大安,75.9,0.0,0.000%,
02:30,wind,崎威崎頂,6.9,0.0,0.000%,
02:30,wind,豐威,11.5,0.0,0.000%,
02:30,wind,龍威後龍,44.1,0.0,0.000%,
02:30,wind,苗栗通苑,39.1,0.1,0.256%,
02:30,wind,安威,11.5,0.0,0.000%,
02:30,wind,清風清水,2.3,0.0,0.000%,
02:30,wind,東鋼龍港,11.5,0.0,0.000%,
02:30,wind,海洋竹南,128.0,0.0,0.000%,
02:30,wind,禾風麥寮,2.3,0.0,0.000%,
02:30,wind,小計,840.2(1.691%),1.1(0.004%),,
02:30,solar,金門金沙,0.5,0.000,0.000%,
02:30,solar,台中生水池,2.1,0.000,0.000%,
02:30,solar,興達生水池,1.6,0.000,0.000%,
02:30,solar,嘉義民雄,0.1,0.000,0.000%,
02:30,solar,中部儲運,0.1,0.000,0.000%,
02:30,solar,東勢新伯公,0.1,0.000,0.000%,
02:30,solar,永安鹽灘地,4.6,0.000,0.000%,
02:30,solar,路北,0.1,0.000,0.000%,
02:30,solar,中原大學,0.0,0.000,0.000%,
02:30,solar,大潭生水池,0.6,0.000,0.000%,
02:30,solar,核三生水池,1.5,0.000,0.000%,
02:30,solar,七美,0.4,0.000,0.000%,
02:30,solar,尖山,0.1,0.000,0.000%,
02:30,solar,卓蘭,0.0,0.000,0.000%,
02:30,solar,后里,0.1,0.000,0.000%,
02:30,solar,台中龍井,6.5,0.000,0.000%,
02:30,solar,七股,1.8,0.000,0.000%,資料維修中
02:30,solar,龍潭E/S,0.2,0.000,0.000%,
02:30,solar,竹工E/S,0.2,0.000,0.000%,
02:30,solar,中科E/S,0.2,0.000,0.000%,
02:30,solar,彰林E/S,0.3,0.000,0.000%,
02:30,solar,高雄E/S,0.4,0.000,0.000%,資料維修中
02:30,solar,燕巢倉庫,0.5,0.000,0.000%,
02:30,solar,大潭,0.7,0.000,0.000%,
02:30,solar,北儲,0.9,0.000,0.000%,
02:30,solar,彰濱光,100.0,0.000,0.000%,
02:30,solar,南鹽光(註10),-,0.000,0.000%,
02:30,solar,崙尾光(註10),-,0.000,0.000%,
02:30,solar,太陽能購電(註7),5435.2,0.000,0.000%,
02:30,solar,小計,5558.8(11.188%),0.0(0.000%),,
02:30,pumpinggen,大觀二#1,250.0,0.0,0.000%,
02:30,pumpinggen,大觀二#2,250.0,0.0,0.000%,
02:30,pumpinggen,大觀二#3,250.0,0.0,0.000%,
02:30,pumpinggen,大觀二#4,250.0,0.0,0.000%,
02:30,pumpinggen,明潭#1,267.0,0.0,0.000%,
02:30,pumpinggen,明潭#2,267.0,0.0,0.000%,
02:30,pumpinggen,明潭#3,267.0,0.0,0.000%,
02:30,pumpinggen,明潭#4,267.0,0.0,0.000%,
02:30,pumpinggen,明潭#5,267.0,0.0,0.000%,
02:30,pumpinggen,明潭#6,267.0,0.0,0.000%,
02:30,pumpinggen,小計,2602.0(5.237%),0.0(0.000%),,
02:30,pumpingload,大觀二#1,-,0.0,-,
02:30,pumpingload,大觀二#2,-,-254.5,-,
02:30,pumpingload,大觀二#3,-,0.0,-,
02:30,pumpingload,大觀二#4,-,0.0,-,
02:30,pumpingload,明潭#1,-,0.0,-,
02:30,pumpingload,明潭#2,-,0.0,-,
02:30,pumpingload,明潭#3,-,-268.1,-,
02:30,pumpingload,明潭#4,-,-271.4,-,
02:30,pumpingload,明潭#5,-,0.0,-,
02:30,pumpingload,明潭#6,-,0.0,-,
02:30,geothermal,小型地熱能,0.3,0.2,66.667%,
02:30,geothermal,小計,0.3(0.001%),0.2(0.001%),,
02:40,nuclear,核二#1,985.0,855.3,86.832%,燃料限制
02:40,nuclear,核二#2,985.0,973.2,98.802%,
02:40,nuclear,核三#1,951.0,941.5,99.001%,
02:40,nuclear,核三#2,951.0,942.6,99.117%,
02:40,nuclear,小計,3872.0(7.793%),3712.6(13.973%),,
02:40,coal,林口#1,800.0,746.4,93.300%,
02:40,coal,林口#2,800.0,749.6,93.700%,
02:40,coal,林口#3,800.0,747.5,93.438%,
02:40,coal,台中#1,550.0,375.2,68.218%,運轉限制
02:40,coal,台中#2,550.0,378.7,68.855%,
02:40,coal,台中#3,550.0,378.3,68.782%,運轉限制
02:40,coal,台中#4,550.0,363.9,66.164%,
02:40,coal,台中#5,550.0,532.7,96.855%,
02:40,coal,台中#6,550.0,0.0,0.000%,環保停機檢修
02:40,coal,台中#7,550.0,521.6,94.836%,
02:40,coal,台中#8,550.0,529.9,96.345%,
02:40,coal,台中#9,550.0,143.0,26.000%,測試運轉
02:40,coal,台中#10,550.0,524.5,95.364%,
02:40,coal,興達#1(註12),500.0,471.4,94.280%,運轉限制
02:40,coal,興達#2(註12),500.0,471.4,94.280%,
02:40,coal,興達#3(註12),550.0,519.8,94.509%,
02:40,coal,興達#4(註12),550.0,520.9,94.709%,
02:40,coal,大林#1,800.0,752.5,94.062%,
02:40,coal,大林#2,800.0,753.3,94.162%,
02:40,coal,小計,11600.0(23.347%),9480.6(35.681%),,
02:40,cogen,汽電共生,618.0,1066.6,-,
02:40,cogen,小計,618.0(1.244%),1066.6(4.014%),,
02:40,ippcoal,和平#1,648.6,567.4,87.487%,
02:40,ippcoal,和平#2,648.6,568.0,87.580%,
02:40,ippcoal,麥寮#1,600.0,570.3,95.050%,
02:40,ippcoal,麥寮#2,600.0,569.8,94.967%,
02:40,ippcoal,麥寮#3,600.0,423.9,70.650%,運轉限制
02:40,ippcoal,小計,3097.1(6.234%),2699.4(10.159%),,
02:40,lng,大潭CC#1,742.7,664.7,89.498%,
02:40,lng,大潭CC#2,742.7,670.2,90.238%,
02:40,lng,大潭CC#3,724.7,636.1,87.774%,
02:40,lng,大潭CC#4,724.7,679.1,93.708%,
02:40,lng,大潭CC#5,724.7,664.7,91.721%,
02:40,lng,大潭CC#6,724.7,0.0,0.000%,歲修
02:40,lng,大潭CC#7,600.0,0.0,0.000%,部分檢修
02:40,lng,通霄CC#1,892.6,884.7,99.115%,
02:40,lng,通霄CC#2,892.6,873.2,97.827%,
02:40,lng,通霄CC#3,892.6,875.4,98.073%,
02:40,lng,通霄CC#4,386.0,348.2,90.207%,
02:40,lng,通霄CC#5,386.0,326.3,84.534%,
02:40,lng,通霄CC#6,321.2,347.6,108.219%,
02:40,lng,興達CC#1,445.2,392.4,88.142%,
02:40,lng,興達CC#2,445.2,0.0,0.000%,歲修
02:40,lng,興達CC#3,445.2,389.0,87.378%,
02:40,lng,興達CC#4,445.2,393.0,88.277%,
02:40,lng,興達CC#5,445.2,393.1,88.299%,
02:40,lng,南部CC#1,288.8,295.4,102.285%,
02:40,lng,南部CC#2,288.8,277.6,96.122%,
02:40,lng,南部CC#3,288.8,260.4,90.166%,
02:40,lng,南部CC#4,251.4,0.0,0.000%,檢修
02:40,lng,大林#5,500.0,140.3,28.060%,運轉限制
02:40,lng,大林#6,550.0,0.0,0.000%,歲修
02:40,lng,小計,13149.0(26.465%),9511.4(35.797%),,
02:40,ipplng,海湖#1,450.0,0.0,0.000%,合約限制
02:40,ipplng,海湖#2,450.0,453.1,100.689%,
02:40,ipplng,新桃#1,600.0,0.0,0.000%,檢修
02:40,ipplng,國光#1,480.0,0.0,0.000%,
02:40,ipplng,星彰#1,506.9,0.0,0.000%,合約限制
02:40,ipplng,星元#1,490.0,0.0,0.000%,部分故障
02:40,ipplng,嘉惠#1,670.0,0.0,0.000%,檢修
02:40,ipplng,嘉惠#2(註10),-,0.0,0.000%,
02:40,ipplng,豐德#1,506.9,0.0,0.000%,合約限制
02:40,ipplng,豐德#2,506.9,0.0,0.000%,合約限制
02:40,ipplng,小計,4660.6(9.380%),453.1(1.705%),,
02:40,oil,協和#3,500.0,134.1,26.820%,環保限制
02:40,oil,協和#4,500.0,0.0,0.000%,歲修
02:40,oil,小計,1000.0(2.013%),134.1(0.505%),,
02:40,diesel,核二Gas1,-,0.0,0.000%,
02:40,diesel,核二Gas2,-,0.0,0.000%,
02:40,diesel,核三Gas1,-,0.0,0.000%,
02:40,diesel,核三Gas2,-,0.0,0.000%,
02:40,diesel,台中Gas1&amp;2,140.0,0.0,0.000%,
02:40,diesel,台中Gas3&amp;4,140.0,0.0,0.000%,
02:40,diesel,澎湖尖山(註4),129.8,59.0,45.455%,
02:40,diesel,金門塔山(註4),113.3,34.7,30.629%,
02:40,diesel,馬祖珠山(註4),28.6,5.7,19.902%,
02:40,diesel,離島其他(註4),42.7,N/A,N/A,
02:40,diesel,小計(註5),594.4(1.196%),99.4(0.374%),,
02:40,hydro,德基#1,78.0,0.0,0.000%,
02:40,hydro,德基#2,78.0,0.0,0.000%,
02:40,hydro,德基#3,78.0,0.0,0.000%,
02:40,hydro,青山#1,92.0,0.0,0.000%,
02:40,hydro,青山#2,92.0,5.7,6.196%,
02:40,hydro,青山#3,92.0,0.0,0.000%,
02:40,hydro,青山#4,92.0,6.4,6.957%,
02:40,hydro,谷關#1,54.4,16.9,31.038%,
02:40,hydro,谷關#2,54.4,0.0,0.000%,
02:40,hydro,谷關#3,54.4,0.0,0.000%,歲修
02:40,hydro,谷關#4,54.4,0.0,0.000%,
02:40,hydro,天輪#1,22.5,19.3,85.778%,
02:40,hydro,天輪#2,22.5,0.0,0.000%,
02:40,hydro,天輪#3,22.5,0.0,0.000%,歲修
02:40,hydro,天輪#4,22.5,0.0,0.000%,
02:40,hydro,天輪#5,105.0,0.0,0.000%,
02:40,hydro,馬鞍#1,66.7,9.6,14.384%,
02:40,hydro,馬鞍#2,66.7,0.0,0.000%,
02:40,hydro,卓蘭#1,40.0,0.0,0.000%,
02:40,hydro,卓蘭#2,40.0,0.0,0.000%,
02:40,hydro,萬大#1,10.4,0.0,0.000%,
02:40,hydro,萬大#2,10.4,0.0,0.000%,
02:40,hydro,萬大#3,15.3,3.5,22.876%,
02:40,hydro,萬大#4,19.7,0.0,0.000%,
02:40,hydro,松林#1&amp;2,20.9,0.0,0.000%,
02:40,hydro,大觀一#1,22.0,11.1,50.455%,
02:40,hydro,大觀一#2,22.0,13.5,61.364%,
02:40,hydro,大觀一#3,22.0,14.3,65.000%,
02:40,hydro,大觀一#4,22.0,11.4,51.818%,
02:40,hydro,大觀一#5,22.0,0.0,0.000%,檢修
02:40,hydro,鉅工#1,21.8,0.0,0.000%,歲修
02:40,hydro,鉅工#2,21.8,16.8,77.241%,
02:40,hydro,水里#1,12.8,0.0,0.002%,
02:40,hydro,立霧#1&amp;#2,32.0,7.0,21.875%,
02:40,hydro,龍澗#1,48.6,0.0,0.000%,
02:40,hydro,龍澗#2,48.6,10.7,22.016%,
02:40,hydro,碧海,61.2,6.4,10.458%,
02:40,hydro,烏來&amp;桂山&amp;粗坑,40.5,6.7,16.543%,
02:40,hydro,北部小水力(註6),26.6,N/A,N/A,
02:40,hydro,中部小水力(註6),9.8,N/A,N/A,
02:40,hydro,南部小水力(註6),7.2,N/A,N/A,
02:40,hydro,東部小水力(註6),54.6,16.0,29.304%,
02:40,hydro,翡翠#1,70.0,0.0,0.000%,
02:40,hydro,石門#1,45.0,0.0,0.000%,
02:40,hydro,石門#2,45.0,25.2,56.000%,
02:40,hydro,曾文#1,50.0,0.0,0.000%,
02:40,hydro,義興#1,40.0,0.0,0.000%,
02:40,hydro,名間,16.7,0.0,0.000%,
02:40,hydro,嘉南西口、烏山頭和八田,22.5,0.0,0.000%,
02:40,hydro,后里示範,0.1,N/A,N/A,
02:40,hydro,卑南,2.0,0.6,30.303%,
02:40,hydro,捷祥關山,1.0,0.0,0.000%,
02:40,hydro,小計,2092.5(4.212%),207.1(0.779%),,
02:40,wind,石門,4.0,0.0,0.000%,
02:40,wind,林口,6.0,0.0,0.000%,
02:40,wind,蘆竹,7.2,0.0,0.000%,檢修
02:40,wind,大潭,15.1,0.0,0.000%,
02:40,wind,觀園,30.0,0.0,0.000%,
02:40,wind,香山,12.0,0.0,0.000%,
02:40,wind,台中,6.0,0.0,0.000%,
02:40,wind,台中港,36.0,0.0,0.000%,
02:40,wind,王功,23.0,0.1,0.435%,
02:40,wind,彰工,71.2,0.1,0.140%,
02:40,wind,永興,9.2,0.0,0.000%,
02:40,wind,離岸一期(註10),-,0.0,0.000%,
02:40,wind,雲麥,46.0,0.0,0.000%,
02:40,wind,四湖,28.0,0.0,0.000%,
02:40,wind,恆春,4.5,0.0,0.000%,
02:40,wind,澎湖中屯,4.8,0.2,4.771%,
02:40,wind,金門金沙,4.0,0.0,0.000%,通訊中斷
02:40,wind,澎湖湖西,5.4,0.1,0.926%,
02:40,wind,苗栗竹南,7.8,0.0,0.000%,
02:40,wind,苗栗大鵬,42.0,0.0,0.000%,
02:40,wind,鹿威彰濱,55.2,0.0,0.000%,
02:40,wind,鹿威鹿港,41.4,0.6,1.449%,
02:40,wind,觀威觀音&amp;桃威新屋,48.3,0.0,0.000%,
02:40,wind,中威大安,75.9,0.0,0.000%,
02:40,wind,崎威崎頂,6.9,0.0,0.000%,
02:40,wind,豐威,11.5,0.0,0.000%,
02:40,wind,龍威後龍,44.1,0.0,0.000%,
02:40,wind,苗栗通苑,39.1,0.1,0.256%,
02:40,wind,安威,11.5,0.0,0.000%,
02:40,wind,清風清水,2.3,0.0,0.000%,
02:40,wind,東鋼龍港,11.5,0.0,0.000%,
02:40,wind,海洋竹南,128.0,0.0,0.000%,
02:40,wind,禾風麥寮,2.3,0.0,0.000%,
02:40,wind,小計,840.2(1.691%),1.2(0.004%),,
02:40,solar,金門金沙,0.5,0.000,0.000%,
02:40,solar,台中生水池,2.1,0.000,0.000%,
02:40,solar,興達生水池,1.6,0.000,0.000%,
02:40,solar,嘉義民雄,0.1,0.000,0.000%,
02:40,solar,中部儲運,0.1,0.000,0.000%,
02:40,solar,東勢新伯公,0.1,0.000,0.000%,
02:40,solar,永安鹽灘地,4.6,0.000,0.000%,
02:40,solar,路北,0.1,0.000,0.000%,
02:40,solar,中原大學,0.0,0.000,0.000%,
02:40,solar,大潭生水池,0.6,0.000,0.000%,
02:40,solar,核三生水池,1.5,0.000,0.000%,
02:40,solar,七美,0.4,0.000,0.000%,
02:40,solar,尖山,0.1,0.000,0.000%,
02:40,solar,卓蘭,0.0,0.000,0.000%,
02:40,solar,后里,0.1,0.000,0.000%,
02:40,solar,台中龍井,6.5,0.000,0.000%,
02:40,solar,七股,1.8,0.000,0.000%,資料維修中
02:40,solar,龍潭E/S,0.2,0.000,0.000%,
02:40,solar,竹工E/S,0.2,0.000,0.000%,
02:40,solar,中科E/S,0.2,0.000,0.000%,
02:40,solar,彰林E/S,0.3,0.000,0.000%,
02:40,solar,高雄E/S,0.4,0.000,0.000%,資料維修中
02:40,solar,燕巢倉庫,0.5,0.000,0.000%,
02:40,solar,大潭,0.7,0.000,0.000%,
02:40,solar,北儲,0.9,0.000,0.000%,
02:40,solar,彰濱光,100.0,0.000,0.000%,
02:40,solar,南鹽光(註10),-,0.000,0.000%,
02:40,solar,崙尾光(註10),-,0.000,0.000%,
02:40,solar,太陽能購電(註7),5435.2,0.000,0.000%,
02:40,solar,小計,5558.8(11.188%),0.0(0.000%),,
02:40,pumpinggen,大觀二#1,250.0,0.0,0.000%,
02:40,pumpinggen,大觀二#2,250.0,0.0,0.000%,
02:40,pumpinggen,大觀二#3,250.0,0.0,0.000%,
02:40,pumpinggen,大觀二#4,250.0,0.0,0.000%,
02:40,pumpinggen,明潭#1,267.0,0.0,0.000%,
02:40,pumpinggen,明潭#2,267.0,0.0,0.000%,
02:40,pumpinggen,明潭#3,267.0,0.0,0.000%,
02:40,pumpinggen,明潭#4,267.0,0.0,0.000%,
02:40,pumpinggen,明潭#5,267.0,0.0,0.000%,
02:40,pumpinggen,明潭#6,267.0,0.0,0.000%,
02:40,pumpinggen,小計,2602.0(5.237%),0.0(0.000%),,
02:40,pumpingload,大觀二#1,-,0.0,-,
02:40,pumpingload,大觀二#2,-,-255.6,-,
02:40,pumpingload,大觀二#3,-,0.0,-,
02:40,pumpingload,大觀二#4,-,0.0,-,
02:40,pumpingload,明潭#1,-,0.0,-,
02:40,pumpingload,明潭#2,-,0.0,-,
02:40,pumpingload,明潭#3,-,-268.4,-,
02:40,pumpingload,明潭#4,-,-271.4,-,
02:40,pumpingload,明潭#5,-,0.0,-,
02:40,pumpingload,明潭#6,-,0.0,-,
02:40,geothermal,小型地熱能,0.3,0.2,66.667%,
02:40,geothermal,小計,0.3(0.001%),0.2(0.001%),,
